sample_id,image_name,farmer_or_batch_id,collection_date,market_or_village,quantity_sold_kg,actual_selling_price_rs_per_kg,mandi,mandi_date,mandi_min_rs_per_kg,mandi_modal_rs_per_kg,mandi_max_rs_per_kg,price_source,notes
CF0001,CF0001.jpg,FARM_036,2024-02-02,Araku Valley Horticulture Hub (ASR District),1641,33.5,Araku Valley Horticulture Hub (ASR District),2024-02-02,24.4,30.3,36.1,Andhra Pradesh Marketing Dept / Agmarknet,Grade A cauliflower batch from FARM_036
CF0002,CF0002.jpg,FARM_027,2024-03-13,Kurnool APMC Market (C-Camp),1038,26.6,Kurnool APMC Market (C-Camp),2024-03-13,20.3,24.5,31.3,Andhra Pradesh Marketing Dept / Agmarknet,Grade A cauliflower batch from FARM_027
CF0003,CF0003.jpg,FARM_039,2024-03-13,Rayachoti Vegetable Market,1650,20.5,Rayachoti Vegetable Market,2024-03-13,21.0,25.8,30.3,Andhra Pradesh Marketing Dept / Agmarknet,Grade C cauliflower batch from FARM_039
CF0004,CF0004.jpg,FARM_039,2024-02-26,Amadalavalasa Vegetable Market,1654,24.1,Amadalavalasa Vegetable Market,2024-02-26,23.4,27.7,33.5,Andhra Pradesh Marketing Dept / Agmarknet,Grade C cauliflower batch from FARM_039
CF0005,CF0005.jpg,FARM_040,2024-03-16,Vijayawada Gollapudi APMC (NTR / Krishna),647,33.6,Vijayawada Gollapudi APMC (NTR / Krishna),2024-03-16,29.2,33.4,40.0,Andhra Pradesh Marketing Dept / Agmarknet,Grade B cauliflower batch from FARM_040
CF0006,CF0006.jpg,FARM_015,2024-02-13,Kadapa APMC Mandi,2280,23.7,Kadapa APMC Mandi,2024-02-13,20.8,25.8,31.4,Andhra Pradesh Marketing Dept / Agmarknet,Grade B cauliflower batch from FARM_015
CF0007,CF0007.jpg,FARM_034,2024-01-20,Kadiri Vegetable Market,1843,21.0,Kadiri Vegetable Market,2024-01-20,18.3,23.9,27.9,Andhra Pradesh Marketing Dept / Agmarknet,Grade C cauliflower batch from FARM_034
CF0008,CF0008.jpg,FARM_025,2024-03-04,Adoni Vegetable APMC,522,25.9,Adoni Vegetable APMC,2024-03-04,18.7,23.7,28.8,Andhra Pradesh Marketing Dept / Agmarknet,Grade A cauliflower batch from FARM_025
CF0009,CF0009.jpg,FARM_029,2024-01-20,Amadalavalasa Vegetable Market,2046,32.8,Amadalavalasa Vegetable Market,2024-01-20,21.3,26.2,32.1,Andhra Pradesh Marketing Dept / Agmarknet,Grade A cauliflower batch from FARM_029
CF0010,CF0010.jpg,FARM_029,2024-03-05,Srikalahasti APMC Market,157,30.5,Srikalahasti APMC Market,2024-03-05,23.3,27.7,33.3,Andhra Pradesh Marketing Dept / Agmarknet,Grade B cauliflower batch from FARM_029
CF0011,CF0011.jpg,FARM_020,2024-02-02,Vizianagaram APMC Market,536,29.5,Vizianagaram APMC Market,2024-02-02,20.9,26.8,31.8,Andhra Pradesh Marketing Dept / Agmarknet,Grade A cauliflower batch from FARM_020
CF0012,CF0012.jpg,FARM_038,2024-03-19,Amadalavalasa Vegetable Market,2497,24.8,Amadalavalasa Vegetable Market,2024-03-19,16.2,21.9,28.8,Andhra Pradesh Marketing Dept / Agmarknet,Grade A cauliflower batch from FARM_038
CF0013,CF0013.jpg,FARM_028,2024-02-16,Bhimavaram APMC Market,1233,29.7,Bhimavaram APMC Market,2024-02-16,27.5,32.4,38.6,Andhra Pradesh Marketing Dept / Agmarknet,Grade C cauliflower batch from FARM_028
CF0014,CF0014.jpg,FARM_020,2024-02-20,Tirupati RC Road Rythu Bazar,1504,35.1,Tirupati RC Road Rythu Bazar,2024-02-20,25.2,31.0,36.5,Andhra Pradesh Marketing Dept / Agmarknet,Grade A cauliflower batch from FARM_020
CF0015,CF0015.jpg,FARM_037,2024-01-23,Jangareddygudem Market,2287,27.6,Jangareddygudem Market,2024-01-23,23.7,28.8,33.3,Andhra Pradesh Marketing Dept / Agmarknet,Grade B cauliflower batch from FARM_037
CF0016,CF0016.jpg,FARM_040,2024-01-20,Ongole APMC Market (Prakasam),1345,32.1,Ongole APMC Market (Prakasam),2024-01-20,24.0,28.0,34.0,Andhra Pradesh Marketing Dept / Agmarknet,Grade A cauliflower batch from FARM_040
CF0017,CF0017.jpg,FARM_004,2024-02-20,Chittoor Town APMC Market,2404,29.3,Chittoor Town APMC Market,2024-02-20,20.9,26.4,31.7,Andhra Pradesh Marketing Dept / Agmarknet,Grade A cauliflower batch from FARM_004
CF0018,CF0018.jpg,FARM_040,2024-02-16,Rayachoti Vegetable Market,1283,21.5,Rayachoti Vegetable Market,2024-02-16,22.7,26.8,33.7,Andhra Pradesh Marketing Dept / Agmarknet,Grade C cauliflower batch from FARM_040
CF0019,CF0019.jpg,FARM_007,2024-02-18,Tirupati RC Road Rythu Bazar,1636,32.4,Tirupati RC Road Rythu Bazar,2024-02-18,25.0,29.7,35.3,Andhra Pradesh Marketing Dept / Agmarknet,Grade A cauliflower batch from FARM_007
CF0020,CF0020.jpg,FARM_014,2024-03-07,Hindupur APMC Market,416,31.3,Hindupur APMC Market,2024-03-07,20.9,26.3,33.1,Andhra Pradesh Marketing Dept / Agmarknet,Grade A cauliflower batch from FARM_014
CF0021,CF0021.jpg,FARM_014,2024-03-04,Kadiri Vegetable Market,1610,30.0,Kadiri Vegetable Market,2024-03-04,20.0,24.1,30.3,Andhra Pradesh Marketing Dept / Agmarknet,Grade A cauliflower batch from FARM_014
CF0022,CF0022.jpg,FARM_017,2024-01-31,Kakinada Main Rythu Bazar,1743,30.9,Kakinada Main Rythu Bazar,2024-01-31,23.4,28.1,32.8,Andhra Pradesh Marketing Dept / Agmarknet,Grade A cauliflower batch from FARM_017
CF0023,CF0023.jpg,FARM_006,2024-03-06,Visakhapatnam MVP Rythu Bazar (Visakhapatnam),1053,32.2,Visakhapatnam MVP Rythu Bazar (Visakhapatnam),2024-03-06,30.1,35.3,39.8,Andhra Pradesh Marketing Dept / Agmarknet,Grade B cauliflower batch from FARM_006
CF0024,CF0024.jpg,FARM_011,2024-02-23,Rayachoti Vegetable Market,836,29.6,Rayachoti Vegetable Market,2024-02-23,19.7,25.4,30.4,Andhra Pradesh Marketing Dept / Agmarknet,Grade A cauliflower batch from FARM_011
CF0025,CF0025.jpg,FARM_016,2024-03-07,Tadepalligudem Vegetable Market,1754,36.2,Tadepalligudem Vegetable Market,2024-03-07,25.9,31.5,37.8,Andhra Pradesh Marketing Dept / Agmarknet,Grade A cauliflower batch from FARM_016
CF0026,CF0026.jpg,FARM_012,2024-01-15,Dharmavaram Vegetable Market,1961,19.8,Dharmavaram Vegetable Market,2024-01-15,20.6,25.1,29.2,Andhra Pradesh Marketing Dept / Agmarknet,Grade C cauliflower batch from FARM_012
CF0027,CF0027.jpg,FARM_036,2024-02-24,Parvathipuram APMC Market,531,20.7,Parvathipuram APMC Market,2024-02-24,21.1,25.2,29.4,Andhra Pradesh Marketing Dept / Agmarknet,Grade C cauliflower batch from FARM_036
CF0028,CF0028.jpg,FARM_005,2024-03-05,Paderu Agency Market,861,28.6,Paderu Agency Market,2024-03-05,21.1,25.9,32.2,Andhra Pradesh Marketing Dept / Agmarknet,Grade A cauliflower batch from FARM_005
CF0029,CF0029.jpg,FARM_011,2024-02-14,Bobbili Vegetable Market,1951,24.4,Bobbili Vegetable Market,2024-02-14,18.9,24.6,28.6,Andhra Pradesh Marketing Dept / Agmarknet,Grade B cauliflower batch from FARM_011
CF0030,CF0030.jpg,FARM_001,2024-01-17,Bhimavaram APMC Market,1018,28.0,Bhimavaram APMC Market,2024-01-17,25.8,31.5,37.2,Andhra Pradesh Marketing Dept / Agmarknet,Grade B cauliflower batch from FARM_001
CF0031,CF0031.jpg,FARM_027,2024-01-19,Chirala Vegetable Market,2330,33.2,Chirala Vegetable Market,2024-01-19,25.7,30.6,35.4,Andhra Pradesh Marketing Dept / Agmarknet,Grade A cauliflower batch from FARM_027
CF0032,CF0032.jpg,FARM_029,2024-03-01,Kadiri Vegetable Market,778,19.6,Kadiri Vegetable Market,2024-03-01,16.1,21.4,26.1,Andhra Pradesh Marketing Dept / Agmarknet,Grade C cauliflower batch from FARM_029
CF0033,CF0033.jpg,FARM_039,2024-02-25,Markapur Vegetable Mandi,394,27.3,Markapur Vegetable Mandi,2024-02-25,17.4,23.1,28.8,Andhra Pradesh Marketing Dept / Agmarknet,Grade A cauliflower batch from FARM_039
CF0034,CF0034.jpg,FARM_031,2024-03-15,Jangareddygudem Market,1203,24.1,Jangareddygudem Market,2024-03-15,22.5,27.2,33.7,Andhra Pradesh Marketing Dept / Agmarknet,Grade C cauliflower batch from FARM_031
CF0035,CF0035.jpg,FARM_019,2024-01-30,Vijayawada Gollapudi APMC (NTR / Krishna),1328,32.1,Vijayawada Gollapudi APMC (NTR / Krishna),2024-01-30,25.4,30.6,35.9,Andhra Pradesh Marketing Dept / Agmarknet,Grade B cauliflower batch from FARM_019
CF0036,CF0036.jpg,FARM_003,2024-01-13,Madanapalle Mandi (Annamayya / Chittoor),293,34.0,Madanapalle Mandi (Annamayya / Chittoor),2024-01-13,23.9,29.7,35.3,Andhra Pradesh Marketing Dept / Agmarknet,Grade A cauliflower batch from FARM_003
CF0037,CF0037.jpg,FARM_015,2024-01-28,Allagadda Rythu Bazar,356,24.8,Allagadda Rythu Bazar,2024-01-28,19.2,23.5,28.4,Andhra Pradesh Marketing Dept / Agmarknet,Grade A cauliflower batch from FARM_015
CF0038,CF0038.jpg,FARM_019,2024-03-06,Bobbili Vegetable Market,1467,28.8,Bobbili Vegetable Market,2024-03-06,23.1,27.2,31.6,Andhra Pradesh Marketing Dept / Agmarknet,Grade A cauliflower batch from FARM_019
CF0039,CF0039.jpg,FARM_019,2024-01-14,Ongole APMC Market (Prakasam),2410,27.7,Ongole APMC Market (Prakasam),2024-01-14,21.0,25.1,30.9,Andhra Pradesh Marketing Dept / Agmarknet,Grade A cauliflower batch from FARM_019
CF0040,CF0040.jpg,FARM_030,2024-01-26,Guntur APMC Market (Guntur),2110,20.5,Guntur APMC Market (Guntur),2024-01-26,19.0,24.7,29.5,Andhra Pradesh Marketing Dept / Agmarknet,Grade C cauliflower batch from FARM_030
CF0041,CF0041.jpg,FARM_005,2024-01-18,Vijayawada Gollapudi APMC (NTR / Krishna),1416,30.9,Vijayawada Gollapudi APMC (NTR / Krishna),2024-01-18,25.2,29.4,33.5,Andhra Pradesh Marketing Dept / Agmarknet,Grade A cauliflower batch from FARM_005
CF0042,CF0042.jpg,FARM_015,2024-02-09,Nandyal APMC Market,1279,30.3,Nandyal APMC Market,2024-02-09,21.3,25.5,31.0,Andhra Pradesh Marketing Dept / Agmarknet,Grade A cauliflower batch from FARM_015
CF0043,CF0043.jpg,FARM_017,2024-02-25,Hindupur APMC Market,1254,28.5,Hindupur APMC Market,2024-02-25,20.8,26.3,32.3,Andhra Pradesh Marketing Dept / Agmarknet,Grade A cauliflower batch from FARM_017
CF0044,CF0044.jpg,FARM_038,2024-02-25,Guntur APMC Market (Guntur),1207,31.7,Guntur APMC Market (Guntur),2024-02-25,23.8,27.8,33.9,Andhra Pradesh Marketing Dept / Agmarknet,Grade A cauliflower batch from FARM_038
CF0045,CF0045.jpg,FARM_013,2024-02-28,Srikalahasti APMC Market,2195,32.4,Srikalahasti APMC Market,2024-02-28,21.0,26.5,30.7,Andhra Pradesh Marketing Dept / Agmarknet,Grade A cauliflower batch from FARM_013
CF0046,CF0046.jpg,FARM_028,2024-03-22,Tirupati RC Road Rythu Bazar,2103,24.9,Tirupati RC Road Rythu Bazar,2024-03-22,25.1,29.8,35.3,Andhra Pradesh Marketing Dept / Agmarknet,Grade C cauliflower batch from FARM_028
CF0047,CF0047.jpg,FARM_008,2024-01-14,Piduguralla Vegetable Mandi,2091,20.7,Piduguralla Vegetable Mandi,2024-01-14,20.6,25.4,30.6,Andhra Pradesh Marketing Dept / Agmarknet,Grade C cauliflower batch from FARM_008
CF0048,CF0048.jpg,FARM_035,2024-01-29,Srikalahasti APMC Market,1182,34.4,Srikalahasti APMC Market,2024-01-29,24.3,29.3,33.6,Andhra Pradesh Marketing Dept / Agmarknet,Grade A cauliflower batch from FARM_035
CF0049,CF0049.jpg,FARM_015,2024-03-07,Tenali Vegetable Rythu Bazar,1864,30.9,Tenali Vegetable Rythu Bazar,2024-03-07,23.6,28.4,32.4,Andhra Pradesh Marketing Dept / Agmarknet,Grade A cauliflower batch from FARM_015
CF0050,CF0050.jpg,FARM_010,2024-02-26,Tenali Vegetable Rythu Bazar,383,31.8,Tenali Vegetable Rythu Bazar,2024-02-26,22.6,28.5,33.5,Andhra Pradesh Marketing Dept / Agmarknet,Grade A cauliflower batch from FARM_010
CF0051,CF0051.jpg,FARM_018,2024-02-26,Visakhapatnam MVP Rythu Bazar (Visakhapatnam),1334,41.3,Visakhapatnam MVP Rythu Bazar (Visakhapatnam),2024-02-26,31.6,36.3,41.0,Andhra Pradesh Marketing Dept / Agmarknet,Grade A cauliflower batch from FARM_018
CF0052,CF0052.jpg,FARM_010,2024-03-06,Proddatur Vegetable Market,2079,25.3,Proddatur Vegetable Market,2024-03-06,20.3,24.6,29.3,Andhra Pradesh Marketing Dept / Agmarknet,Grade B cauliflower batch from FARM_010
CF0053,CF0053.jpg,FARM_005,2024-01-19,Chittoor Town APMC Market,1801,23.3,Chittoor Town APMC Market,2024-01-19,20.7,26.5,31.9,Andhra Pradesh Marketing Dept / Agmarknet,Grade C cauliflower batch from FARM_005
CF0054,CF0054.jpg,FARM_004,2024-03-23,Srikakulam APMC Market Yard,2255,29.3,Srikakulam APMC Market Yard,2024-03-23,21.9,26.5,31.6,Andhra Pradesh Marketing Dept / Agmarknet,Grade A cauliflower batch from FARM_004
CF0055,CF0055.jpg,FARM_011,2024-01-27,Nellore Vegetable Market (SPSR Nellore),1751,28.8,Nellore Vegetable Market (SPSR Nellore),2024-01-27,24.7,28.8,35.3,Andhra Pradesh Marketing Dept / Agmarknet,Grade B cauliflower batch from FARM_011
CF0056,CF0056.jpg,FARM_020,2024-03-17,Bhimavaram APMC Market,2328,37.0,Bhimavaram APMC Market,2024-03-17,26.2,31.8,36.6,Andhra Pradesh Marketing Dept / Agmarknet,Grade A cauliflower batch from FARM_020
CF0057,CF0057.jpg,FARM_039,2024-02-25,Kurnool APMC Market (C-Camp),318,17.8,Kurnool APMC Market (C-Camp),2024-02-25,18.6,24.4,31.3,Andhra Pradesh Marketing Dept / Agmarknet,Grade C cauliflower batch from FARM_039
CF0058,CF0058.jpg,FARM_037,2024-02-29,Piduguralla Vegetable Mandi,1470,31.5,Piduguralla Vegetable Mandi,2024-02-29,21.6,26.8,31.4,Andhra Pradesh Marketing Dept / Agmarknet,Grade A cauliflower batch from FARM_037
CF0059,CF0059.jpg,FARM_019,2024-02-19,Tirupati RC Road Rythu Bazar,550,29.6,Tirupati RC Road Rythu Bazar,2024-02-19,22.8,27.6,31.8,Andhra Pradesh Marketing Dept / Agmarknet,Grade A cauliflower batch from FARM_019
CF0060,CF0060.jpg,FARM_029,2024-02-14,Tadepalligudem Vegetable Market,2456,23.8,Tadepalligudem Vegetable Market,2024-02-14,23.2,28.4,34.2,Andhra Pradesh Marketing Dept / Agmarknet,Grade C cauliflower batch from FARM_029
CF0061,CF0061.jpg,FARM_008,2024-02-10,Vijayawada Swaraj Maidan Rythu Bazar,780,34.7,Vijayawada Swaraj Maidan Rythu Bazar,2024-02-10,25.5,31.4,37.0,Andhra Pradesh Marketing Dept / Agmarknet,Grade A cauliflower batch from FARM_008
CF0062,CF0062.jpg,FARM_030,2024-01-24,Araku Valley Horticulture Hub (ASR District),876,35.9,Araku Valley Horticulture Hub (ASR District),2024-01-24,26.0,31.4,36.5,Andhra Pradesh Marketing Dept / Agmarknet,Grade A cauliflower batch from FARM_030
CF0063,CF0063.jpg,FARM_020,2024-01-13,Gajuwaka Industrial Rythu Bazar,1207,34.8,Gajuwaka Industrial Rythu Bazar,2024-01-13,28.4,33.3,38.3,Andhra Pradesh Marketing Dept / Agmarknet,Grade B cauliflower batch from FARM_020
CF0064,CF0064.jpg,FARM_026,2024-02-02,Narasaraopet APMC Market,2008,29.6,Narasaraopet APMC Market,2024-02-02,21.1,26.2,32.3,Andhra Pradesh Marketing Dept / Agmarknet,Grade A cauliflower batch from FARM_026
CF0065,CF0065.jpg,FARM_018,2024-03-13,Eluru APMC Market,1405,34.2,Eluru APMC Market,2024-03-13,25.2,29.7,34.5,Andhra Pradesh Marketing Dept / Agmarknet,Grade A cauliflower batch from FARM_018
CF0066,CF0066.jpg,FARM_033,2024-03-16,Dharmavaram Vegetable Market,1033,26.1,Dharmavaram Vegetable Market,2024-03-16,18.6,23.1,28.5,Andhra Pradesh Marketing Dept / Agmarknet,Grade A cauliflower batch from FARM_033
CF0067,CF0067.jpg,FARM_035,2024-02-28,Parvathipuram APMC Market,266,23.0,Parvathipuram APMC Market,2024-02-28,18.4,23.2,28.0,Andhra Pradesh Marketing Dept / Agmarknet,Grade C cauliflower batch from FARM_035
CF0068,CF0068.jpg,FARM_032,2024-03-21,Kuppam Horticulture Mandi,1112,29.1,Kuppam Horticulture Mandi,2024-03-21,23.2,27.6,34.2,Andhra Pradesh Marketing Dept / Agmarknet,Grade A cauliflower batch from FARM_032
CF0069,CF0069.jpg,FARM_029,2024-01-25,Chittoor Town APMC Market,1756,28.7,Chittoor Town APMC Market,2024-01-25,22.4,27.5,32.2,Andhra Pradesh Marketing Dept / Agmarknet,Grade B cauliflower batch from FARM_029
CF0070,CF0070.jpg,FARM_006,2024-02-12,Anakapalle APMC Yard,266,34.9,Anakapalle APMC Yard,2024-02-12,25.4,29.6,34.9,Andhra Pradesh Marketing Dept / Agmarknet,Grade A cauliflower batch from FARM_006
CF0071,CF0071.jpg,FARM_039,2024-02-12,Kadiri Vegetable Market,1346,23.9,Kadiri Vegetable Market,2024-02-12,17.4,22.2,27.2,Andhra Pradesh Marketing Dept / Agmarknet,Grade A cauliflower batch from FARM_039
CF0072,CF0072.jpg,FARM_003,2024-03-07,Vijayawada Swaraj Maidan Rythu Bazar,832,37.2,Vijayawada Swaraj Maidan Rythu Bazar,2024-03-07,27.7,33.1,40.0,Andhra Pradesh Marketing Dept / Agmarknet,Grade A cauliflower batch from FARM_003
CF0073,CF0073.jpg,FARM_028,2024-02-06,Tirupati RC Road Rythu Bazar,1706,34.9,Tirupati RC Road Rythu Bazar,2024-02-06,28.0,32.1,37.3,Andhra Pradesh Marketing Dept / Agmarknet,Grade B cauliflower batch from FARM_028
CF0074,CF0074.jpg,FARM_021,2024-02-15,Kadiri Vegetable Market,335,25.1,Kadiri Vegetable Market,2024-02-15,19.6,25.0,30.0,Andhra Pradesh Marketing Dept / Agmarknet,Grade B cauliflower batch from FARM_021
CF0075,CF0075.jpg,FARM_039,2024-03-12,Srikalahasti APMC Market,1074,24.8,Srikalahasti APMC Market,2024-03-12,22.0,26.1,31.9,Andhra Pradesh Marketing Dept / Agmarknet,Grade B cauliflower batch from FARM_039
CF0076,CF0076.jpg,FARM_017,2024-02-04,Piduguralla Vegetable Mandi,2310,31.0,Piduguralla Vegetable Mandi,2024-02-04,21.3,26.1,30.5,Andhra Pradesh Marketing Dept / Agmarknet,Grade A cauliflower batch from FARM_017
CF0077,CF0077.jpg,FARM_002,2024-01-25,Vijayawada Gollapudi APMC (NTR / Krishna),871,36.1,Vijayawada Gollapudi APMC (NTR / Krishna),2024-01-25,29.4,34.4,40.8,Andhra Pradesh Marketing Dept / Agmarknet,Grade A cauliflower batch from FARM_002
CF0078,CF0078.jpg,FARM_006,2024-01-27,Nellore Vegetable Market (SPSR Nellore),1951,30.8,Nellore Vegetable Market (SPSR Nellore),2024-01-27,22.6,28.3,34.0,Andhra Pradesh Marketing Dept / Agmarknet,Grade A cauliflower batch from FARM_006
CF0079,CF0079.jpg,FARM_015,2024-01-19,Araku Valley Horticulture Hub (ASR District),173,25.8,Araku Valley Horticulture Hub (ASR District),2024-01-19,22.9,28.6,35.3,Andhra Pradesh Marketing Dept / Agmarknet,Grade C cauliflower batch from FARM_015
CF0080,CF0080.jpg,FARM_037,2024-03-07,Narasaraopet APMC Market,583,30.9,Narasaraopet APMC Market,2024-03-07,23.1,27.3,33.7,Andhra Pradesh Marketing Dept / Agmarknet,Grade A cauliflower batch from FARM_037
CF0081,CF0081.jpg,FARM_038,2024-02-01,Allagadda Rythu Bazar,1356,26.3,Allagadda Rythu Bazar,2024-02-01,20.1,24.3,30.9,Andhra Pradesh Marketing Dept / Agmarknet,Grade A cauliflower batch from FARM_038
CF0082,CF0082.jpg,FARM_002,2024-03-06,Narasaraopet APMC Market,327,24.4,Narasaraopet APMC Market,2024-03-06,21.8,27.2,33.0,Andhra Pradesh Marketing Dept / Agmarknet,Grade C cauliflower batch from FARM_002
CF0083,CF0083.jpg,FARM_018,2024-01-21,Tenali Vegetable Rythu Bazar,370,24.5,Tenali Vegetable Rythu Bazar,2024-01-21,23.2,27.8,32.8,Andhra Pradesh Marketing Dept / Agmarknet,Grade B cauliflower batch from FARM_018
CF0084,CF0084.jpg,FARM_037,2024-02-19,Hindupur APMC Market,1612,30.1,Hindupur APMC Market,2024-02-19,20.1,25.7,30.5,Andhra Pradesh Marketing Dept / Agmarknet,Grade A cauliflower batch from FARM_037
CF0085,CF0085.jpg,FARM_003,2024-02-23,Anakapalle APMC Yard,188,24.3,Anakapalle APMC Yard,2024-02-23,24.8,29.4,34.7,Andhra Pradesh Marketing Dept / Agmarknet,Grade C cauliflower batch from FARM_003
CF0086,CF0086.jpg,FARM_012,2024-01-18,Vijayawada Gollapudi APMC (NTR / Krishna),2266,30.5,Vijayawada Gollapudi APMC (NTR / Krishna),2024-01-18,24.4,29.4,34.9,Andhra Pradesh Marketing Dept / Agmarknet,Grade A cauliflower batch from FARM_012
CF0087,CF0087.jpg,FARM_031,2024-03-20,Bobbili Vegetable Market,1837,33.0,Bobbili Vegetable Market,2024-03-20,23.3,28.1,32.2,Andhra Pradesh Marketing Dept / Agmarknet,Grade A cauliflower batch from FARM_031
CF0088,CF0088.jpg,FARM_034,2024-03-19,Vizianagaram APMC Market,853,26.8,Vizianagaram APMC Market,2024-03-19,23.2,27.8,33.2,Andhra Pradesh Marketing Dept / Agmarknet,Grade C cauliflower batch from FARM_034
CF0089,CF0089.jpg,FARM_029,2024-02-16,Paderu Agency Market,165,26.7,Paderu Agency Market,2024-02-16,22.8,27.1,31.7,Andhra Pradesh Marketing Dept / Agmarknet,Grade C cauliflower batch from FARM_029
CF0090,CF0090.jpg,FARM_018,2024-02-17,Kuppam Horticulture Mandi,1370,31.5,Kuppam Horticulture Mandi,2024-02-17,22.3,26.4,32.5,Andhra Pradesh Marketing Dept / Agmarknet,Grade A cauliflower batch from FARM_018
CF0091,CF0091.jpg,FARM_012,2024-01-30,Visakhapatnam MVP Rythu Bazar (Visakhapatnam),267,37.0,Visakhapatnam MVP Rythu Bazar (Visakhapatnam),2024-01-30,28.7,34.3,39.4,Andhra Pradesh Marketing Dept / Agmarknet,Grade A cauliflower batch from FARM_012
CF0092,CF0092.jpg,FARM_038,2024-02-01,Araku Valley Horticulture Hub (ASR District),1731,31.9,Araku Valley Horticulture Hub (ASR District),2024-02-01,24.7,29.2,33.4,Andhra Pradesh Marketing Dept / Agmarknet,Grade A cauliflower batch from FARM_038
CF0093,CF0093.jpg,FARM_028,2024-02-25,Allagadda Rythu Bazar,908,20.9,Allagadda Rythu Bazar,2024-02-25,17.0,21.8,28.6,Andhra Pradesh Marketing Dept / Agmarknet,Grade C cauliflower batch from FARM_028
CF0094,CF0094.jpg,FARM_032,2024-03-15,Bhimavaram APMC Market,625,25.7,Bhimavaram APMC Market,2024-03-15,26.7,30.7,37.3,Andhra Pradesh Marketing Dept / Agmarknet,Grade C cauliflower batch from FARM_032
CF0095,CF0095.jpg,FARM_006,2024-02-07,Srikakulam APMC Market Yard,1920,26.0,Srikakulam APMC Market Yard,2024-02-07,17.3,23.3,29.8,Andhra Pradesh Marketing Dept / Agmarknet,Grade A cauliflower batch from FARM_006
CF0096,CF0096.jpg,FARM_031,2024-01-25,Kadapa APMC Mandi,488,26.1,Kadapa APMC Mandi,2024-01-25,21.4,26.8,31.7,Andhra Pradesh Marketing Dept / Agmarknet,Grade A cauliflower batch from FARM_031
CF0097,CF0097.jpg,FARM_023,2024-02-04,Allagadda Rythu Bazar,372,26.0,Allagadda Rythu Bazar,2024-02-04,19.6,23.9,30.6,Andhra Pradesh Marketing Dept / Agmarknet,Grade A cauliflower batch from FARM_023
CF0098,CF0098.jpg,FARM_027,2024-01-27,Nellore Vegetable Market (SPSR Nellore),977,28.0,Nellore Vegetable Market (SPSR Nellore),2024-01-27,23.1,28.7,33.8,Andhra Pradesh Marketing Dept / Agmarknet,Grade B cauliflower batch from FARM_027
CF0099,CF0099.jpg,FARM_022,2024-02-09,Piduguralla Vegetable Mandi,2249,32.2,Piduguralla Vegetable Mandi,2024-02-09,21.2,26.8,31.9,Andhra Pradesh Marketing Dept / Agmarknet,Grade A cauliflower batch from FARM_022
CF0100,CF0100.jpg,FARM_021,2024-03-13,Vijayawada Gollapudi APMC (NTR / Krishna),2237,31.8,Vijayawada Gollapudi APMC (NTR / Krishna),2024-03-13,25.5,29.8,34.1,Andhra Pradesh Marketing Dept / Agmarknet,Grade A cauliflower batch from FARM_021
CF0101,CF0101.jpg,FARM_007,2024-01-13,Araku Valley Horticulture Hub (ASR District),1138,22.1,Araku Valley Horticulture Hub (ASR District),2024-01-13,23.7,28.2,33.7,Andhra Pradesh Marketing Dept / Agmarknet,Grade C cauliflower batch from FARM_007
CF0102,CF0102.jpg,FARM_011,2024-02-25,Bobbili Vegetable Market,1583,28.9,Bobbili Vegetable Market,2024-02-25,20.2,25.7,30.0,Andhra Pradesh Marketing Dept / Agmarknet,Grade A cauliflower batch from FARM_011
CF0103,CF0103.jpg,FARM_022,2024-03-20,Tadepalligudem Vegetable Market,1192,25.6,Tadepalligudem Vegetable Market,2024-03-20,23.3,28.8,35.6,Andhra Pradesh Marketing Dept / Agmarknet,Grade B cauliflower batch from FARM_022
CF0104,CF0104.jpg,FARM_027,2024-03-23,Kadiri Vegetable Market,657,21.6,Kadiri Vegetable Market,2024-03-23,17.8,22.5,26.9,Andhra Pradesh Marketing Dept / Agmarknet,Grade B cauliflower batch from FARM_027
CF0105,CF0105.jpg,FARM_032,2024-02-26,Vizianagaram APMC Market,2359,26.7,Vizianagaram APMC Market,2024-02-26,21.5,26.0,30.6,Andhra Pradesh Marketing Dept / Agmarknet,Grade A cauliflower batch from FARM_032
CF0106,CF0106.jpg,FARM_019,2024-03-09,Gudivada Vegetable Market,2137,26.3,Gudivada Vegetable Market,2024-03-09,23.2,28.0,32.2,Andhra Pradesh Marketing Dept / Agmarknet,Grade C cauliflower batch from FARM_019
CF0107,CF0107.jpg,FARM_026,2024-03-20,Palamaner Vegetable Mandi,1354,21.3,Palamaner Vegetable Mandi,2024-03-20,21.3,26.8,31.0,Andhra Pradesh Marketing Dept / Agmarknet,Grade C cauliflower batch from FARM_026
CF0108,CF0108.jpg,FARM_036,2024-01-26,Kadiri Vegetable Market,311,15.6,Kadiri Vegetable Market,2024-01-26,16.6,22.1,26.5,Andhra Pradesh Marketing Dept / Agmarknet,Grade C cauliflower batch from FARM_036
CF0109,CF0109.jpg,FARM_003,2024-01-21,Chittoor Town APMC Market,1289,27.0,Chittoor Town APMC Market,2024-01-21,17.7,23.1,29.8,Andhra Pradesh Marketing Dept / Agmarknet,Grade A cauliflower batch from FARM_003
CF0110,CF0110.jpg,FARM_030,2024-01-18,Gudivada Vegetable Market,2006,34.3,Gudivada Vegetable Market,2024-01-18,27.4,32.0,37.0,Andhra Pradesh Marketing Dept / Agmarknet,Grade A cauliflower batch from FARM_030
CF0111,CF0111.jpg,FARM_006,2024-02-18,Bapatla APMC Market,862,24.8,Bapatla APMC Market,2024-02-18,24.4,28.5,33.8,Andhra Pradesh Marketing Dept / Agmarknet,Grade C cauliflower batch from FARM_006
CF0112,CF0112.jpg,FARM_021,2024-02-29,Vijayawada Gollapudi APMC (NTR / Krishna),2476,38.9,Vijayawada Gollapudi APMC (NTR / Krishna),2024-02-29,28.4,34.1,40.8,Andhra Pradesh Marketing Dept / Agmarknet,Grade A cauliflower batch from FARM_021
CF0113,CF0113.jpg,FARM_017,2024-03-11,Kuppam Horticulture Mandi,1318,23.3,Kuppam Horticulture Mandi,2024-03-11,22.7,27.2,32.5,Andhra Pradesh Marketing Dept / Agmarknet,Grade C cauliflower batch from FARM_017
CF0114,CF0114.jpg,FARM_021,2024-03-17,Hindupur APMC Market,2495,24.6,Hindupur APMC Market,2024-03-17,21.0,26.9,32.4,Andhra Pradesh Marketing Dept / Agmarknet,Grade C cauliflower batch from FARM_021
CF0115,CF0115.jpg,FARM_008,2024-03-02,Eluru APMC Market,1054,28.7,Eluru APMC Market,2024-03-02,20.9,26.9,31.8,Andhra Pradesh Marketing Dept / Agmarknet,Grade A cauliflower batch from FARM_008
CF0116,CF0116.jpg,FARM_026,2024-03-02,Parvathipuram APMC Market,1025,27.6,Parvathipuram APMC Market,2024-03-02,19.7,25.2,31.4,Andhra Pradesh Marketing Dept / Agmarknet,Grade A cauliflower batch from FARM_026
CF0117,CF0117.jpg,FARM_033,2024-03-23,Gudivada Vegetable Market,1985,33.5,Gudivada Vegetable Market,2024-03-23,26.4,31.7,37.9,Andhra Pradesh Marketing Dept / Agmarknet,Grade A cauliflower batch from FARM_033
CF0118,CF0118.jpg,FARM_001,2024-01-19,Hindupur APMC Market,1083,31.4,Hindupur APMC Market,2024-01-19,20.3,24.9,30.9,Andhra Pradesh Marketing Dept / Agmarknet,Grade A cauliflower batch from FARM_001
CF0119,CF0119.jpg,FARM_035,2024-01-26,Paderu Agency Market,528,27.8,Paderu Agency Market,2024-01-26,23.4,27.5,31.6,Andhra Pradesh Marketing Dept / Agmarknet,Grade A cauliflower batch from FARM_035
CF0120,CF0120.jpg,FARM_030,2024-02-19,Rajahmundry APMC (East Godavari),2410,27.9,Rajahmundry APMC (East Godavari),2024-02-19,24.7,29.6,35.3,Andhra Pradesh Marketing Dept / Agmarknet,Grade C cauliflower batch from FARM_030
CF0121,CF0121.jpg,FARM_027,2024-01-19,Bapatla APMC Market,261,33.2,Bapatla APMC Market,2024-01-19,24.4,28.6,33.9,Andhra Pradesh Marketing Dept / Agmarknet,Grade A cauliflower batch from FARM_027
CF0122,CF0122.jpg,FARM_004,2024-03-07,Paderu Agency Market,2172,31.2,Paderu Agency Market,2024-03-07,23.3,27.9,32.9,Andhra Pradesh Marketing Dept / Agmarknet,Grade A cauliflower batch from FARM_004
CF0123,CF0123.jpg,FARM_013,2024-03-09,Nellore Vegetable Market (SPSR Nellore),991,33.3,Nellore Vegetable Market (SPSR Nellore),2024-03-09,23.0,28.6,34.0,Andhra Pradesh Marketing Dept / Agmarknet,Grade A cauliflower batch from FARM_013
CF0124,CF0124.jpg,FARM_034,2024-03-16,Nandyal APMC Market,1838,26.9,Nandyal APMC Market,2024-03-16,19.4,24.6,30.9,Andhra Pradesh Marketing Dept / Agmarknet,Grade A cauliflower batch from FARM_034
CF0125,CF0125.jpg,FARM_024,2024-02-23,Proddatur Vegetable Market,724,31.6,Proddatur Vegetable Market,2024-02-23,22.5,27.4,32.7,Andhra Pradesh Marketing Dept / Agmarknet,Grade A cauliflower batch from FARM_024
CF0126,CF0126.jpg,FARM_040,2024-01-26,Adoni Vegetable APMC,1986,28.1,Adoni Vegetable APMC,2024-01-26,17.2,23.1,28.0,Andhra Pradesh Marketing Dept / Agmarknet,Grade A cauliflower batch from FARM_040
CF0127,CF0127.jpg,FARM_032,2024-03-20,Kadapa APMC Mandi,525,29.2,Kadapa APMC Mandi,2024-03-20,22.4,26.6,32.2,Andhra Pradesh Marketing Dept / Agmarknet,Grade A cauliflower batch from FARM_032
CF0128,CF0128.jpg,FARM_029,2024-03-25,Amadalavalasa Vegetable Market,1997,28.5,Amadalavalasa Vegetable Market,2024-03-25,22.3,27.7,33.1,Andhra Pradesh Marketing Dept / Agmarknet,Grade B cauliflower batch from FARM_029
CF0129,CF0129.jpg,FARM_004,2024-02-02,Tadepalligudem Vegetable Market,1966,31.0,Tadepalligudem Vegetable Market,2024-02-02,22.8,28.1,35.1,Andhra Pradesh Marketing Dept / Agmarknet,Grade A cauliflower batch from FARM_004
CF0130,CF0130.jpg,FARM_014,2024-01-26,Bhimavaram APMC Market,2383,26.6,Bhimavaram APMC Market,2024-01-26,23.3,29.1,33.9,Andhra Pradesh Marketing Dept / Agmarknet,Grade B cauliflower batch from FARM_014
CF0131,CF0131.jpg,FARM_018,2024-03-05,Proddatur Vegetable Market,1975,31.2,Proddatur Vegetable Market,2024-03-05,19.7,25.4,32.3,Andhra Pradesh Marketing Dept / Agmarknet,Grade A cauliflower batch from FARM_018
CF0132,CF0132.jpg,FARM_036,2024-03-14,Amadalavalasa Vegetable Market,280,26.9,Amadalavalasa Vegetable Market,2024-03-14,18.6,23.5,27.7,Andhra Pradesh Marketing Dept / Agmarknet,Grade A cauliflower batch from FARM_036
CF0133,CF0133.jpg,FARM_009,2024-01-17,Jangareddygudem Market,930,35.6,Jangareddygudem Market,2024-01-17,25.5,31.1,37.2,Andhra Pradesh Marketing Dept / Agmarknet,Grade A cauliflower batch from FARM_009
CF0134,CF0134.jpg,FARM_019,2024-01-25,Ongole APMC Market (Prakasam),525,28.4,Ongole APMC Market (Prakasam),2024-01-25,20.8,26.7,33.7,Andhra Pradesh Marketing Dept / Agmarknet,Grade A cauliflower batch from FARM_019
CF0135,CF0135.jpg,FARM_029,2024-03-16,Jangareddygudem Market,378,29.9,Jangareddygudem Market,2024-03-16,19.3,25.1,31.8,Andhra Pradesh Marketing Dept / Agmarknet,Grade A cauliflower batch from FARM_029
CF0136,CF0136.jpg,FARM_032,2024-01-29,Bapatla APMC Market,1139,33.2,Bapatla APMC Market,2024-01-29,24.0,28.5,32.8,Andhra Pradesh Marketing Dept / Agmarknet,Grade A cauliflower batch from FARM_032
CF0137,CF0137.jpg,FARM_008,2024-02-17,Narasaraopet APMC Market,184,28.8,Narasaraopet APMC Market,2024-02-17,20.9,25.5,32.1,Andhra Pradesh Marketing Dept / Agmarknet,Grade A cauliflower batch from FARM_008
CF0138,CF0138.jpg,FARM_002,2024-01-31,Kadiri Vegetable Market,1498,28.5,Kadiri Vegetable Market,2024-01-31,19.7,25.1,30.4,Andhra Pradesh Marketing Dept / Agmarknet,Grade A cauliflower batch from FARM_002
CF0139,CF0139.jpg,FARM_039,2024-01-30,Adoni Vegetable APMC,2485,25.2,Adoni Vegetable APMC,2024-01-30,19.2,23.4,28.9,Andhra Pradesh Marketing Dept / Agmarknet,Grade A cauliflower batch from FARM_039
CF0140,CF0140.jpg,FARM_016,2024-02-20,Kakinada Main Rythu Bazar,2113,28.9,Kakinada Main Rythu Bazar,2024-02-20,24.6,30.1,35.2,Andhra Pradesh Marketing Dept / Agmarknet,Grade B cauliflower batch from FARM_016
CF0141,CF0141.jpg,FARM_011,2024-02-07,Rajahmundry APMC (East Godavari),609,32.4,Rajahmundry APMC (East Godavari),2024-02-07,23.1,27.3,33.4,Andhra Pradesh Marketing Dept / Agmarknet,Grade A cauliflower batch from FARM_011
CF0142,CF0142.jpg,FARM_020,2024-02-23,Tirupati RC Road Rythu Bazar,2413,28.2,Tirupati RC Road Rythu Bazar,2024-02-23,22.4,27.5,32.9,Andhra Pradesh Marketing Dept / Agmarknet,Grade B cauliflower batch from FARM_020
CF0143,CF0143.jpg,FARM_036,2024-03-16,Palamaner Vegetable Mandi,328,31.1,Palamaner Vegetable Mandi,2024-03-16,23.1,27.3,32.3,Andhra Pradesh Marketing Dept / Agmarknet,Grade A cauliflower batch from FARM_036
CF0144,CF0144.jpg,FARM_001,2024-02-15,Kurnool APMC Market (C-Camp),1426,28.3,Kurnool APMC Market (C-Camp),2024-02-15,20.3,25.2,32.0,Andhra Pradesh Marketing Dept / Agmarknet,Grade A cauliflower batch from FARM_001
CF0145,CF0145.jpg,FARM_036,2024-01-20,Nandyal APMC Market,2204,19.9,Nandyal APMC Market,2024-01-20,18.2,23.1,30.0,Andhra Pradesh Marketing Dept / Agmarknet,Grade C cauliflower batch from FARM_036
CF0146,CF0146.jpg,FARM_027,2024-02-11,Araku Valley Horticulture Hub (ASR District),667,32.8,Araku Valley Horticulture Hub (ASR District),2024-02-11,24.9,30.3,35.5,Andhra Pradesh Marketing Dept / Agmarknet,Grade A cauliflower batch from FARM_027
CF0147,CF0147.jpg,FARM_006,2024-02-04,Allagadda Rythu Bazar,1084,27.1,Allagadda Rythu Bazar,2024-02-04,18.5,24.4,29.4,Andhra Pradesh Marketing Dept / Agmarknet,Grade A cauliflower batch from FARM_006
CF0148,CF0148.jpg,FARM_015,2024-03-20,Vizianagaram APMC Market,1655,27.3,Vizianagaram APMC Market,2024-03-20,24.5,28.7,33.0,Andhra Pradesh Marketing Dept / Agmarknet,Grade B cauliflower batch from FARM_015
CF0149,CF0149.jpg,FARM_008,2024-02-14,Ongole APMC Market (Prakasam),1327,31.9,Ongole APMC Market (Prakasam),2024-02-14,25.0,29.2,36.0,Andhra Pradesh Marketing Dept / Agmarknet,Grade A cauliflower batch from FARM_008
CF0150,CF0150.jpg,FARM_030,2024-01-26,Visakhapatnam MVP Rythu Bazar (Visakhapatnam),443,37.9,Visakhapatnam MVP Rythu Bazar (Visakhapatnam),2024-01-26,28.2,33.4,37.6,Andhra Pradesh Marketing Dept / Agmarknet,Grade A cauliflower batch from FARM_030
CF0151,CF0151.jpg,FARM_008,2024-02-17,Kuppam Horticulture Mandi,920,26.3,Kuppam Horticulture Mandi,2024-02-17,23.5,29.2,36.1,Andhra Pradesh Marketing Dept / Agmarknet,Grade B cauliflower batch from FARM_008
CF0152,CF0152.jpg,FARM_010,2024-03-18,Piduguralla Vegetable Mandi,1089,28.5,Piduguralla Vegetable Mandi,2024-03-18,22.7,27.2,34.1,Andhra Pradesh Marketing Dept / Agmarknet,Grade A cauliflower batch from FARM_010
CF0153,CF0153.jpg,FARM_032,2024-01-21,Piduguralla Vegetable Mandi,2293,30.8,Piduguralla Vegetable Mandi,2024-01-21,21.5,26.6,31.3,Andhra Pradesh Marketing Dept / Agmarknet,Grade A cauliflower batch from FARM_032
CF0154,CF0154.jpg,FARM_019,2024-03-14,Visakhapatnam MVP Rythu Bazar (Visakhapatnam),355,28.5,Visakhapatnam MVP Rythu Bazar (Visakhapatnam),2024-03-14,27.8,33.1,38.5,Andhra Pradesh Marketing Dept / Agmarknet,Grade C cauliflower batch from FARM_019
CF0155,CF0155.jpg,FARM_033,2024-01-31,Nellore Vegetable Market (SPSR Nellore),522,32.5,Nellore Vegetable Market (SPSR Nellore),2024-01-31,23.5,28.3,35.2,Andhra Pradesh Marketing Dept / Agmarknet,Grade A cauliflower batch from FARM_033
CF0156,CF0156.jpg,FARM_018,2024-03-25,Amalapuram APMC Yard,1091,34.1,Amalapuram APMC Yard,2024-03-25,24.4,29.4,36.1,Andhra Pradesh Marketing Dept / Agmarknet,Grade A cauliflower batch from FARM_018
CF0157,CF0157.jpg,FARM_027,2024-03-24,Proddatur Vegetable Market,602,32.0,Proddatur Vegetable Market,2024-03-24,22.4,26.6,32.3,Andhra Pradesh Marketing Dept / Agmarknet,Grade A cauliflower batch from FARM_027
CF0158,CF0158.jpg,FARM_031,2024-01-29,Tadepalligudem Vegetable Market,1688,22.8,Tadepalligudem Vegetable Market,2024-01-29,23.1,27.5,31.6,Andhra Pradesh Marketing Dept / Agmarknet,Grade C cauliflower batch from FARM_031
CF0159,CF0159.jpg,FARM_031,2024-01-31,Madanapalle Mandi (Annamayya / Chittoor),1400,23.7,Madanapalle Mandi (Annamayya / Chittoor),2024-01-31,22.6,27.4,31.8,Andhra Pradesh Marketing Dept / Agmarknet,Grade C cauliflower batch from FARM_031
CF0160,CF0160.jpg,FARM_016,2024-02-22,Vizianagaram APMC Market,331,32.8,Vizianagaram APMC Market,2024-02-22,22.0,27.3,32.6,Andhra Pradesh Marketing Dept / Agmarknet,Grade A cauliflower batch from FARM_016
CF0161,CF0161.jpg,FARM_030,2024-03-22,Srikakulam APMC Market Yard,2289,26.0,Srikakulam APMC Market Yard,2024-03-22,25.7,29.8,34.4,Andhra Pradesh Marketing Dept / Agmarknet,Grade C cauliflower batch from FARM_030
CF0162,CF0162.jpg,FARM_036,2024-01-15,Kurnool APMC Market (C-Camp),1992,29.3,Kurnool APMC Market (C-Camp),2024-01-15,21.3,26.5,32.1,Andhra Pradesh Marketing Dept / Agmarknet,Grade B cauliflower batch from FARM_036
CF0163,CF0163.jpg,FARM_010,2024-01-13,Vizianagaram APMC Market,372,27.9,Vizianagaram APMC Market,2024-01-13,20.8,25.2,31.8,Andhra Pradesh Marketing Dept / Agmarknet,Grade A cauliflower batch from FARM_010
CF0164,CF0164.jpg,FARM_025,2024-01-20,Bhimavaram APMC Market,593,30.1,Bhimavaram APMC Market,2024-01-20,24.7,28.8,33.1,Andhra Pradesh Marketing Dept / Agmarknet,Grade A cauliflower batch from FARM_025
CF0165,CF0165.jpg,FARM_013,2024-01-15,Vijayawada Gollapudi APMC (NTR / Krishna),249,35.7,Vijayawada Gollapudi APMC (NTR / Krishna),2024-01-15,28.3,33.2,40.1,Andhra Pradesh Marketing Dept / Agmarknet,Grade A cauliflower batch from FARM_013
CF0166,CF0166.jpg,FARM_039,2024-03-23,Paderu Agency Market,2416,29.4,Paderu Agency Market,2024-03-23,22.2,28.2,32.4,Andhra Pradesh Marketing Dept / Agmarknet,Grade A cauliflower batch from FARM_039
CF0167,CF0167.jpg,FARM_033,2024-02-12,Guntur APMC Market (Guntur),1005,31.1,Guntur APMC Market (Guntur),2024-02-12,23.0,28.8,33.7,Andhra Pradesh Marketing Dept / Agmarknet,Grade A cauliflower batch from FARM_033
CF0168,CF0168.jpg,FARM_009,2024-02-05,Kurnool APMC Market (C-Camp),1875,18.4,Kurnool APMC Market (C-Camp),2024-02-05,17.5,22.7,28.4,Andhra Pradesh Marketing Dept / Agmarknet,Grade C cauliflower batch from FARM_009
CF0169,CF0169.jpg,FARM_005,2024-03-23,Vijayawada Swaraj Maidan Rythu Bazar,1152,33.7,Vijayawada Swaraj Maidan Rythu Bazar,2024-03-23,26.3,30.8,35.1,Andhra Pradesh Marketing Dept / Agmarknet,Grade A cauliflower batch from FARM_005
CF0170,CF0170.jpg,FARM_018,2024-03-03,Ongole APMC Market (Prakasam),810,28.8,Ongole APMC Market (Prakasam),2024-03-03,23.5,27.7,33.5,Andhra Pradesh Marketing Dept / Agmarknet,Grade B cauliflower batch from FARM_018
CF0171,CF0171.jpg,FARM_027,2024-01-13,Allagadda Rythu Bazar,2014,24.5,Allagadda Rythu Bazar,2024-01-13,20.4,24.7,31.6,Andhra Pradesh Marketing Dept / Agmarknet,Grade B cauliflower batch from FARM_027
CF0172,CF0172.jpg,FARM_022,2024-03-13,Nellore Vegetable Market (SPSR Nellore),432,32.2,Nellore Vegetable Market (SPSR Nellore),2024-03-13,23.3,28.3,32.7,Andhra Pradesh Marketing Dept / Agmarknet,Grade A cauliflower batch from FARM_022
CF0173,CF0173.jpg,FARM_033,2024-03-19,Madanapalle Mandi (Annamayya / Chittoor),1543,30.2,Madanapalle Mandi (Annamayya / Chittoor),2024-03-19,22.0,27.0,33.3,Andhra Pradesh Marketing Dept / Agmarknet,Grade A cauliflower batch from FARM_033
CF0174,CF0174.jpg,FARM_018,2024-02-16,Srikakulam APMC Market Yard,1931,31.9,Srikakulam APMC Market Yard,2024-02-16,23.7,28.2,33.2,Andhra Pradesh Marketing Dept / Agmarknet,Grade B cauliflower batch from FARM_018
CF0175,CF0175.jpg,FARM_001,2024-02-17,Srikakulam APMC Market Yard,623,31.5,Srikakulam APMC Market Yard,2024-02-17,22.8,27.5,32.6,Andhra Pradesh Marketing Dept / Agmarknet,Grade A cauliflower batch from FARM_001
CF0176,CF0176.jpg,FARM_019,2024-03-11,Proddatur Vegetable Market,532,25.0,Proddatur Vegetable Market,2024-03-11,21.7,26.5,32.0,Andhra Pradesh Marketing Dept / Agmarknet,Grade B cauliflower batch from FARM_019
CF0177,CF0177.jpg,FARM_020,2024-02-10,Kakinada Main Rythu Bazar,278,33.8,Kakinada Main Rythu Bazar,2024-02-10,26.8,31.9,37.1,Andhra Pradesh Marketing Dept / Agmarknet,Grade A cauliflower batch from FARM_020
CF0178,CF0178.jpg,FARM_038,2024-03-01,Anantapur APMC Mandi,795,28.5,Anantapur APMC Mandi,2024-03-01,20.3,25.3,30.6,Andhra Pradesh Marketing Dept / Agmarknet,Grade B cauliflower batch from FARM_038
CF0179,CF0179.jpg,FARM_038,2024-02-17,Kakinada Main Rythu Bazar,1082,31.2,Kakinada Main Rythu Bazar,2024-02-17,26.6,31.2,36.5,Andhra Pradesh Marketing Dept / Agmarknet,Grade B cauliflower batch from FARM_038
CF0180,CF0180.jpg,FARM_032,2024-03-08,Srikalahasti APMC Market,1841,30.9,Srikalahasti APMC Market,2024-03-08,24.9,29.5,35.9,Andhra Pradesh Marketing Dept / Agmarknet,Grade A cauliflower batch from FARM_032
CF0181,CF0181.jpg,FARM_010,2024-01-19,Araku Valley Horticulture Hub (ASR District),1992,33.1,Araku Valley Horticulture Hub (ASR District),2024-01-19,23.9,29.3,34.1,Andhra Pradesh Marketing Dept / Agmarknet,Grade A cauliflower batch from FARM_010
CF0182,CF0182.jpg,FARM_029,2024-01-17,Machilipatnam APMC Market,740,20.5,Machilipatnam APMC Market,2024-01-17,22.9,28.3,32.6,Andhra Pradesh Marketing Dept / Agmarknet,Grade C cauliflower batch from FARM_029
CF0183,CF0183.jpg,FARM_035,2024-01-30,Araku Valley Horticulture Hub (ASR District),1726,34.8,Araku Valley Horticulture Hub (ASR District),2024-01-30,26.2,31.2,36.2,Andhra Pradesh Marketing Dept / Agmarknet,Grade A cauliflower batch from FARM_035
CF0184,CF0184.jpg,FARM_031,2024-03-06,Kakinada Main Rythu Bazar,977,36.1,Kakinada Main Rythu Bazar,2024-03-06,27.2,31.4,36.0,Andhra Pradesh Marketing Dept / Agmarknet,Grade A cauliflower batch from FARM_031
CF0185,CF0185.jpg,FARM_023,2024-03-03,Visakhapatnam MVP Rythu Bazar (Visakhapatnam),633,31.2,Visakhapatnam MVP Rythu Bazar (Visakhapatnam),2024-03-03,31.3,36.4,42.7,Andhra Pradesh Marketing Dept / Agmarknet,Grade C cauliflower batch from FARM_023
CF0186,CF0186.jpg,FARM_022,2024-03-11,Dharmavaram Vegetable Market,278,26.7,Dharmavaram Vegetable Market,2024-03-11,21.1,25.4,32.0,Andhra Pradesh Marketing Dept / Agmarknet,Grade A cauliflower batch from FARM_022
CF0187,CF0187.jpg,FARM_036,2024-03-09,Nandyal APMC Market,764,28.1,Nandyal APMC Market,2024-03-09,19.9,25.8,31.8,Andhra Pradesh Marketing Dept / Agmarknet,Grade A cauliflower batch from FARM_036
CF0188,CF0188.jpg,FARM_035,2024-02-05,Narasaraopet APMC Market,1674,28.1,Narasaraopet APMC Market,2024-02-05,19.3,24.4,31.3,Andhra Pradesh Marketing Dept / Agmarknet,Grade A cauliflower batch from FARM_035
CF0189,CF0189.jpg,FARM_025,2024-02-22,Allagadda Rythu Bazar,1063,16.9,Allagadda Rythu Bazar,2024-02-22,18.9,24.4,29.7,Andhra Pradesh Marketing Dept / Agmarknet,Grade C cauliflower batch from FARM_025
CF0190,CF0190.jpg,FARM_030,2024-01-28,Bhimavaram APMC Market,244,34.4,Bhimavaram APMC Market,2024-01-28,25.8,30.9,35.4,Andhra Pradesh Marketing Dept / Agmarknet,Grade A cauliflower batch from FARM_030
CF0191,CF0191.jpg,FARM_021,2024-02-19,Amalapuram APMC Yard,2248,29.0,Amalapuram APMC Yard,2024-02-19,22.7,27.5,33.7,Andhra Pradesh Marketing Dept / Agmarknet,Grade B cauliflower batch from FARM_021
CF0192,CF0192.jpg,FARM_013,2024-02-19,Madanapalle Mandi (Annamayya / Chittoor),1375,30.9,Madanapalle Mandi (Annamayya / Chittoor),2024-02-19,23.8,29.1,36.1,Andhra Pradesh Marketing Dept / Agmarknet,Grade A cauliflower batch from FARM_013
CF0193,CF0193.jpg,FARM_016,2024-02-23,Visakhapatnam MVP Rythu Bazar (Visakhapatnam),895,35.4,Visakhapatnam MVP Rythu Bazar (Visakhapatnam),2024-02-23,28.2,33.0,39.7,Andhra Pradesh Marketing Dept / Agmarknet,Grade A cauliflower batch from FARM_016
CF0194,CF0194.jpg,FARM_037,2024-03-01,Gudivada Vegetable Market,965,30.9,Gudivada Vegetable Market,2024-03-01,25.0,29.9,36.8,Andhra Pradesh Marketing Dept / Agmarknet,Grade B cauliflower batch from FARM_037
CF0195,CF0195.jpg,FARM_025,2024-01-26,Rajahmundry APMC (East Godavari),341,21.7,Rajahmundry APMC (East Godavari),2024-01-26,21.4,26.3,33.3,Andhra Pradesh Marketing Dept / Agmarknet,Grade C cauliflower batch from FARM_025
CF0196,CF0196.jpg,FARM_015,2024-02-26,Rayachoti Vegetable Market,2276,24.3,Rayachoti Vegetable Market,2024-02-26,21.8,27.2,32.3,Andhra Pradesh Marketing Dept / Agmarknet,Grade C cauliflower batch from FARM_015
CF0197,CF0197.jpg,FARM_027,2024-03-15,Kurnool APMC Market (C-Camp),925,29.1,Kurnool APMC Market (C-Camp),2024-03-15,20.1,25.0,31.7,Andhra Pradesh Marketing Dept / Agmarknet,Grade A cauliflower batch from FARM_027
CF0198,CF0198.jpg,FARM_003,2024-03-21,Narasaraopet APMC Market,1939,25.1,Narasaraopet APMC Market,2024-03-21,18.4,24.0,30.4,Andhra Pradesh Marketing Dept / Agmarknet,Grade B cauliflower batch from FARM_003
CF0199,CF0199.jpg,FARM_021,2024-01-23,Machilipatnam APMC Market,497,30.1,Machilipatnam APMC Market,2024-01-23,23.7,29.7,36.3,Andhra Pradesh Marketing Dept / Agmarknet,Grade B cauliflower batch from FARM_021
CF0200,CF0200.jpg,FARM_031,2024-02-19,Kadapa APMC Mandi,173,30.9,Kadapa APMC Mandi,2024-02-19,20.1,25.5,30.1,Andhra Pradesh Marketing Dept / Agmarknet,Grade A cauliflower batch from FARM_031
CF0201,CF0201.jpg,FARM_025,2024-02-09,Palamaner Vegetable Mandi,1845,25.8,Palamaner Vegetable Mandi,2024-02-09,19.0,24.3,29.7,Andhra Pradesh Marketing Dept / Agmarknet,Grade B cauliflower batch from FARM_025
CF0202,CF0202.jpg,FARM_025,2024-03-09,Kadapa APMC Mandi,1175,29.2,Kadapa APMC Mandi,2024-03-09,20.7,25.8,32.7,Andhra Pradesh Marketing Dept / Agmarknet,Grade A cauliflower batch from FARM_025
CF0203,CF0203.jpg,FARM_010,2024-01-25,Eluru APMC Market,553,34.9,Eluru APMC Market,2024-01-25,24.6,28.9,34.3,Andhra Pradesh Marketing Dept / Agmarknet,Grade A cauliflower batch from FARM_010
CF0204,CF0204.jpg,FARM_032,2024-02-13,Tirupati RC Road Rythu Bazar,894,32.5,Tirupati RC Road Rythu Bazar,2024-02-13,23.1,28.3,32.8,Andhra Pradesh Marketing Dept / Agmarknet,Grade A cauliflower batch from FARM_032
CF0205,CF0205.jpg,FARM_003,2024-03-07,Tirupati RC Road Rythu Bazar,1093,25.9,Tirupati RC Road Rythu Bazar,2024-03-07,26.1,30.2,35.4,Andhra Pradesh Marketing Dept / Agmarknet,Grade C cauliflower batch from FARM_003
CF0206,CF0206.jpg,FARM_009,2024-02-10,Srikakulam APMC Market Yard,2021,26.4,Srikakulam APMC Market Yard,2024-02-10,23.2,27.3,33.4,Andhra Pradesh Marketing Dept / Agmarknet,Grade B cauliflower batch from FARM_009
CF0207,CF0207.jpg,FARM_033,2024-01-28,Rajahmundry APMC (East Godavari),689,27.8,Rajahmundry APMC (East Godavari),2024-01-28,22.5,27.6,33.0,Andhra Pradesh Marketing Dept / Agmarknet,Grade A cauliflower batch from FARM_033
CF0208,CF0208.jpg,FARM_038,2024-01-22,Kuppam Horticulture Mandi,1365,28.9,Kuppam Horticulture Mandi,2024-01-22,22.4,27.5,34.4,Andhra Pradesh Marketing Dept / Agmarknet,Grade A cauliflower batch from FARM_038
CF0209,CF0209.jpg,FARM_022,2024-01-16,Bhimavaram APMC Market,2406,33.0,Bhimavaram APMC Market,2024-01-16,27.5,31.8,37.4,Andhra Pradesh Marketing Dept / Agmarknet,Grade A cauliflower batch from FARM_022
CF0210,CF0210.jpg,FARM_007,2024-02-16,Adoni Vegetable APMC,703,16.1,Adoni Vegetable APMC,2024-02-16,15.8,20.3,27.3,Andhra Pradesh Marketing Dept / Agmarknet,Grade C cauliflower batch from FARM_007
CF0211,CF0211.jpg,FARM_029,2024-02-28,Adoni Vegetable APMC,1472,20.7,Adoni Vegetable APMC,2024-02-28,17.7,23.6,28.0,Andhra Pradesh Marketing Dept / Agmarknet,Grade C cauliflower batch from FARM_029
CF0212,CF0212.jpg,FARM_007,2024-03-03,Anakapalle APMC Yard,1690,28.9,Anakapalle APMC Yard,2024-03-03,24.3,29.7,35.3,Andhra Pradesh Marketing Dept / Agmarknet,Grade C cauliflower batch from FARM_007
CF0213,CF0213.jpg,FARM_034,2024-02-10,Gudur Vegetable Market,1167,31.5,Gudur Vegetable Market,2024-02-10,22.4,27.8,34.3,Andhra Pradesh Marketing Dept / Agmarknet,Grade A cauliflower batch from FARM_034
CF0214,CF0214.jpg,FARM_030,2024-01-30,Tadepalligudem Vegetable Market,1925,30.9,Tadepalligudem Vegetable Market,2024-01-30,24.2,28.6,32.8,Andhra Pradesh Marketing Dept / Agmarknet,Grade A cauliflower batch from FARM_030
CF0215,CF0215.jpg,FARM_001,2024-02-20,Allagadda Rythu Bazar,1964,22.9,Allagadda Rythu Bazar,2024-02-20,16.9,22.9,27.8,Andhra Pradesh Marketing Dept / Agmarknet,Grade A cauliflower batch from FARM_001
CF0216,CF0216.jpg,FARM_010,2024-03-23,Proddatur Vegetable Market,1402,29.2,Proddatur Vegetable Market,2024-03-23,23.2,27.5,33.2,Andhra Pradesh Marketing Dept / Agmarknet,Grade A cauliflower batch from FARM_010
CF0217,CF0217.jpg,FARM_027,2024-02-19,Amalapuram APMC Yard,1362,30.3,Amalapuram APMC Yard,2024-02-19,21.6,27.4,33.7,Andhra Pradesh Marketing Dept / Agmarknet,Grade A cauliflower batch from FARM_027
CF0218,CF0218.jpg,FARM_010,2024-02-03,Visakhapatnam MVP Rythu Bazar (Visakhapatnam),2435,39.4,Visakhapatnam MVP Rythu Bazar (Visakhapatnam),2024-02-03,29.7,34.4,38.7,Andhra Pradesh Marketing Dept / Agmarknet,Grade A cauliflower batch from FARM_010
CF0219,CF0219.jpg,FARM_005,2024-01-30,Ongole APMC Market (Prakasam),1803,30.7,Ongole APMC Market (Prakasam),2024-01-30,20.2,25.7,32.7,Andhra Pradesh Marketing Dept / Agmarknet,Grade A cauliflower batch from FARM_005
CF0220,CF0220.jpg,FARM_031,2024-03-13,Hindupur APMC Market,236,31.7,Hindupur APMC Market,2024-03-13,24.2,28.9,33.9,Andhra Pradesh Marketing Dept / Agmarknet,Grade A cauliflower batch from FARM_031
CF0221,CF0221.jpg,FARM_017,2024-03-15,Bhimavaram APMC Market,1817,33.1,Bhimavaram APMC Market,2024-03-15,26.9,31.5,36.5,Andhra Pradesh Marketing Dept / Agmarknet,Grade B cauliflower batch from FARM_017
CF0222,CF0222.jpg,FARM_022,2024-03-09,Srikakulam APMC Market Yard,1404,24.4,Srikakulam APMC Market Yard,2024-03-09,20.9,25.0,30.4,Andhra Pradesh Marketing Dept / Agmarknet,Grade B cauliflower batch from FARM_022
CF0223,CF0223.jpg,FARM_040,2024-03-13,Bobbili Vegetable Market,204,26.8,Bobbili Vegetable Market,2024-03-13,21.3,25.4,31.6,Andhra Pradesh Marketing Dept / Agmarknet,Grade A cauliflower batch from FARM_040
CF0224,CF0224.jpg,FARM_026,2024-02-18,Dharmavaram Vegetable Market,1363,23.5,Dharmavaram Vegetable Market,2024-02-18,21.7,26.9,31.9,Andhra Pradesh Marketing Dept / Agmarknet,Grade C cauliflower batch from FARM_026
CF0225,CF0225.jpg,FARM_006,2024-03-13,Parvathipuram APMC Market,1738,21.4,Parvathipuram APMC Market,2024-03-13,20.6,24.7,31.7,Andhra Pradesh Marketing Dept / Agmarknet,Grade C cauliflower batch from FARM_006
CF0226,CF0226.jpg,FARM_022,2024-01-12,Machilipatnam APMC Market,1099,32.9,Machilipatnam APMC Market,2024-01-12,23.7,29.1,34.0,Andhra Pradesh Marketing Dept / Agmarknet,Grade A cauliflower batch from FARM_022
CF0227,CF0227.jpg,FARM_035,2024-01-21,Bapatla APMC Market,2446,26.8,Bapatla APMC Market,2024-01-21,21.3,25.5,30.7,Andhra Pradesh Marketing Dept / Agmarknet,Grade A cauliflower batch from FARM_035
CF0228,CF0228.jpg,FARM_025,2024-02-29,Anakapalle APMC Yard,2282,28.7,Anakapalle APMC Yard,2024-02-29,21.6,27.6,33.9,Andhra Pradesh Marketing Dept / Agmarknet,Grade A cauliflower batch from FARM_025
CF0229,CF0229.jpg,FARM_021,2024-03-14,Paderu Agency Market,1154,33.8,Paderu Agency Market,2024-03-14,25.7,29.8,36.3,Andhra Pradesh Marketing Dept / Agmarknet,Grade A cauliflower batch from FARM_021
CF0230,CF0230.jpg,FARM_032,2024-03-08,Narasaraopet APMC Market,2416,26.7,Narasaraopet APMC Market,2024-03-08,21.7,25.7,31.5,Andhra Pradesh Marketing Dept / Agmarknet,Grade B cauliflower batch from FARM_032
CF0231,CF0231.jpg,FARM_035,2024-02-09,Markapur Vegetable Mandi,1508,27.1,Markapur Vegetable Mandi,2024-02-09,18.5,23.7,29.7,Andhra Pradesh Marketing Dept / Agmarknet,Grade A cauliflower batch from FARM_035
CF0232,CF0232.jpg,FARM_003,2024-02-06,Amalapuram APMC Yard,1442,36.4,Amalapuram APMC Yard,2024-02-06,25.3,30.6,35.5,Andhra Pradesh Marketing Dept / Agmarknet,Grade A cauliflower batch from FARM_003
CF0233,CF0233.jpg,FARM_040,2024-03-24,Markapur Vegetable Mandi,1886,29.9,Markapur Vegetable Mandi,2024-03-24,22.1,27.4,34.0,Andhra Pradesh Marketing Dept / Agmarknet,Grade B cauliflower batch from FARM_040
CF0234,CF0234.jpg,FARM_005,2024-02-24,Kurnool APMC Market (C-Camp),2106,20.5,Kurnool APMC Market (C-Camp),2024-02-24,17.5,23.5,28.4,Andhra Pradesh Marketing Dept / Agmarknet,Grade C cauliflower batch from FARM_005
CF0235,CF0235.jpg,FARM_016,2024-01-16,Kadapa APMC Mandi,982,28.7,Kadapa APMC Mandi,2024-01-16,22.1,27.3,33.6,Andhra Pradesh Marketing Dept / Agmarknet,Grade A cauliflower batch from FARM_016
CF0236,CF0236.jpg,FARM_019,2024-01-16,Kadiri Vegetable Market,1595,25.0,Kadiri Vegetable Market,2024-01-16,18.1,23.7,29.9,Andhra Pradesh Marketing Dept / Agmarknet,Grade A cauliflower batch from FARM_019
CF0237,CF0237.jpg,FARM_015,2024-02-15,Kuppam Horticulture Mandi,1986,29.8,Kuppam Horticulture Mandi,2024-02-15,22.7,26.9,32.7,Andhra Pradesh Marketing Dept / Agmarknet,Grade A cauliflower batch from FARM_015
CF0238,CF0238.jpg,FARM_006,2024-03-13,Guntur APMC Market (Guntur),916,24.2,Guntur APMC Market (Guntur),2024-03-13,23.0,27.2,31.7,Andhra Pradesh Marketing Dept / Agmarknet,Grade B cauliflower batch from FARM_006
CF0239,CF0239.jpg,FARM_028,2024-03-10,Rayachoti Vegetable Market,781,23.1,Rayachoti Vegetable Market,2024-03-10,22.6,27.0,31.8,Andhra Pradesh Marketing Dept / Agmarknet,Grade C cauliflower batch from FARM_028
CF0240,CF0240.jpg,FARM_007,2024-02-15,Jangareddygudem Market,1839,28.9,Jangareddygudem Market,2024-02-15,25.6,30.1,35.6,Andhra Pradesh Marketing Dept / Agmarknet,Grade B cauliflower batch from FARM_007
CF0241,CF0241.jpg,FARM_007,2024-03-18,Tadepalligudem Vegetable Market,525,35.2,Tadepalligudem Vegetable Market,2024-03-18,23.3,27.9,33.3,Andhra Pradesh Marketing Dept / Agmarknet,Grade A cauliflower batch from FARM_007
CF0242,CF0242.jpg,FARM_029,2024-01-11,Kadiri Vegetable Market,2239,23.2,Kadiri Vegetable Market,2024-01-11,16.4,21.4,26.8,Andhra Pradesh Marketing Dept / Agmarknet,Grade A cauliflower batch from FARM_029
CF0243,CF0243.jpg,FARM_011,2024-01-23,Jangareddygudem Market,1304,21.9,Jangareddygudem Market,2024-01-23,22.7,27.9,34.7,Andhra Pradesh Marketing Dept / Agmarknet,Grade C cauliflower batch from FARM_011
CF0244,CF0244.jpg,FARM_020,2024-03-05,Kadiri Vegetable Market,1148,25.3,Kadiri Vegetable Market,2024-03-05,19.4,24.7,28.9,Andhra Pradesh Marketing Dept / Agmarknet,Grade A cauliflower batch from FARM_020
CF0245,CF0245.jpg,FARM_002,2024-01-27,Madanapalle Mandi (Annamayya / Chittoor),2196,26.3,Madanapalle Mandi (Annamayya / Chittoor),2024-01-27,23.3,28.6,34.3,Andhra Pradesh Marketing Dept / Agmarknet,Grade C cauliflower batch from FARM_002
CF0246,CF0246.jpg,FARM_003,2024-02-12,Kuppam Horticulture Mandi,233,29.5,Kuppam Horticulture Mandi,2024-02-12,22.8,28.0,34.2,Andhra Pradesh Marketing Dept / Agmarknet,Grade A cauliflower batch from FARM_003
CF0247,CF0247.jpg,FARM_021,2024-02-25,Parvathipuram APMC Market,1342,34.5,Parvathipuram APMC Market,2024-02-25,24.3,28.7,34.9,Andhra Pradesh Marketing Dept / Agmarknet,Grade A cauliflower batch from FARM_021
CF0248,CF0248.jpg,FARM_004,2024-03-01,Araku Valley Horticulture Hub (ASR District),2274,31.8,Araku Valley Horticulture Hub (ASR District),2024-03-01,25.1,29.6,34.1,Andhra Pradesh Marketing Dept / Agmarknet,Grade A cauliflower batch from FARM_004
CF0249,CF0249.jpg,FARM_019,2024-02-25,Palamaner Vegetable Mandi,1333,20.2,Palamaner Vegetable Mandi,2024-02-25,19.8,24.2,30.3,Andhra Pradesh Marketing Dept / Agmarknet,Grade C cauliflower batch from FARM_019
CF0250,CF0250.jpg,FARM_023,2024-01-15,Kadiri Vegetable Market,316,24.1,Kadiri Vegetable Market,2024-01-15,18.5,24.3,29.8,Andhra Pradesh Marketing Dept / Agmarknet,Grade B cauliflower batch from FARM_023
CF0251,CF0251.jpg,FARM_024,2024-03-01,Kuppam Horticulture Mandi,1094,35.4,Kuppam Horticulture Mandi,2024-03-01,23.9,28.8,33.8,Andhra Pradesh Marketing Dept / Agmarknet,Grade A cauliflower batch from FARM_024
CF0252,CF0252.jpg,FARM_028,2024-01-16,Chittoor Town APMC Market,1561,30.8,Chittoor Town APMC Market,2024-01-16,22.5,26.9,32.7,Andhra Pradesh Marketing Dept / Agmarknet,Grade A cauliflower batch from FARM_028
CF0253,CF0253.jpg,FARM_010,2024-03-22,Guntur APMC Market (Guntur),1935,33.5,Guntur APMC Market (Guntur),2024-03-22,24.2,28.8,35.1,Andhra Pradesh Marketing Dept / Agmarknet,Grade A cauliflower batch from FARM_010
CF0254,CF0254.jpg,FARM_016,2024-03-21,Kuppam Horticulture Mandi,1753,21.8,Kuppam Horticulture Mandi,2024-03-21,21.4,26.3,33.0,Andhra Pradesh Marketing Dept / Agmarknet,Grade C cauliflower batch from FARM_016
CF0255,CF0255.jpg,FARM_034,2024-02-03,Kakinada Main Rythu Bazar,1915,36.1,Kakinada Main Rythu Bazar,2024-02-03,26.0,31.5,36.1,Andhra Pradesh Marketing Dept / Agmarknet,Grade A cauliflower batch from FARM_034
CF0256,CF0256.jpg,FARM_027,2024-02-25,Kadapa APMC Mandi,719,24.6,Kadapa APMC Mandi,2024-02-25,24.5,28.7,33.5,Andhra Pradesh Marketing Dept / Agmarknet,Grade C cauliflower batch from FARM_027
CF0257,CF0257.jpg,FARM_037,2024-03-20,Vijayawada Gollapudi APMC (NTR / Krishna),403,27.9,Vijayawada Gollapudi APMC (NTR / Krishna),2024-03-20,29.3,33.5,39.8,Andhra Pradesh Marketing Dept / Agmarknet,Grade C cauliflower batch from FARM_037
CF0258,CF0258.jpg,FARM_012,2024-02-15,Anakapalle APMC Yard,1315,31.8,Anakapalle APMC Yard,2024-02-15,24.9,29.8,34.8,Andhra Pradesh Marketing Dept / Agmarknet,Grade A cauliflower batch from FARM_012
CF0259,CF0259.jpg,FARM_011,2024-01-19,Rajahmundry APMC (East Godavari),1665,27.1,Rajahmundry APMC (East Godavari),2024-01-19,22.5,26.7,33.4,Andhra Pradesh Marketing Dept / Agmarknet,Grade C cauliflower batch from FARM_011
CF0260,CF0260.jpg,FARM_012,2024-02-28,Hindupur APMC Market,2437,27.0,Hindupur APMC Market,2024-02-28,20.5,25.6,29.9,Andhra Pradesh Marketing Dept / Agmarknet,Grade B cauliflower batch from FARM_012
CF0261,CF0261.jpg,FARM_006,2024-03-14,Bhimavaram APMC Market,1495,33.6,Bhimavaram APMC Market,2024-03-14,24.5,30.0,34.4,Andhra Pradesh Marketing Dept / Agmarknet,Grade A cauliflower batch from FARM_006
CF0262,CF0262.jpg,FARM_040,2024-03-07,Adoni Vegetable APMC,1495,23.5,Adoni Vegetable APMC,2024-03-07,18.1,23.2,29.3,Andhra Pradesh Marketing Dept / Agmarknet,Grade B cauliflower batch from FARM_040
CF0263,CF0263.jpg,FARM_025,2024-03-20,Srikakulam APMC Market Yard,1436,26.9,Srikakulam APMC Market Yard,2024-03-20,19.5,24.7,31.5,Andhra Pradesh Marketing Dept / Agmarknet,Grade A cauliflower batch from FARM_025
CF0264,CF0264.jpg,FARM_040,2024-02-14,Eluru APMC Market,1373,26.8,Eluru APMC Market,2024-02-14,23.0,27.4,34.1,Andhra Pradesh Marketing Dept / Agmarknet,Grade C cauliflower batch from FARM_040
CF0265,CF0265.jpg,FARM_016,2024-01-25,Eluru APMC Market,502,29.6,Eluru APMC Market,2024-01-25,23.6,27.6,31.9,Andhra Pradesh Marketing Dept / Agmarknet,Grade A cauliflower batch from FARM_016
CF0266,CF0266.jpg,FARM_032,2024-01-26,Gudur Vegetable Market,918,24.0,Gudur Vegetable Market,2024-01-26,24.8,29.5,36.1,Andhra Pradesh Marketing Dept / Agmarknet,Grade C cauliflower batch from FARM_032
CF0267,CF0267.jpg,FARM_038,2024-01-22,Kadapa APMC Mandi,493,24.5,Kadapa APMC Mandi,2024-01-22,21.7,26.5,32.3,Andhra Pradesh Marketing Dept / Agmarknet,Grade C cauliflower batch from FARM_038
CF0268,CF0268.jpg,FARM_010,2024-02-29,Gudur Vegetable Market,171,31.3,Gudur Vegetable Market,2024-02-29,21.1,26.7,32.5,Andhra Pradesh Marketing Dept / Agmarknet,Grade A cauliflower batch from FARM_010
CF0269,CF0269.jpg,FARM_015,2024-02-26,Chirala Vegetable Market,812,30.6,Chirala Vegetable Market,2024-02-26,23.3,28.1,32.6,Andhra Pradesh Marketing Dept / Agmarknet,Grade A cauliflower batch from FARM_015
CF0270,CF0270.jpg,FARM_030,2024-02-22,Dharmavaram Vegetable Market,1066,24.5,Dharmavaram Vegetable Market,2024-02-22,20.1,24.3,30.2,Andhra Pradesh Marketing Dept / Agmarknet,Grade A cauliflower batch from FARM_030
CF0271,CF0271.jpg,FARM_017,2024-03-21,Srikalahasti APMC Market,785,31.9,Srikalahasti APMC Market,2024-03-21,26.0,30.1,37.1,Andhra Pradesh Marketing Dept / Agmarknet,Grade A cauliflower batch from FARM_017
CF0272,CF0272.jpg,FARM_030,2024-02-25,Srikalahasti APMC Market,2120,31.8,Srikalahasti APMC Market,2024-02-25,24.3,28.6,34.4,Andhra Pradesh Marketing Dept / Agmarknet,Grade A cauliflower batch from FARM_030
CF0273,CF0273.jpg,FARM_017,2024-01-28,Anakapalle APMC Yard,1270,29.6,Anakapalle APMC Yard,2024-01-28,22.9,27.7,32.8,Andhra Pradesh Marketing Dept / Agmarknet,Grade A cauliflower batch from FARM_017
CF0274,CF0274.jpg,FARM_001,2024-02-04,Ongole APMC Market (Prakasam),2413,29.5,Ongole APMC Market (Prakasam),2024-02-04,23.1,27.2,33.7,Andhra Pradesh Marketing Dept / Agmarknet,Grade A cauliflower batch from FARM_001
CF0275,CF0275.jpg,FARM_030,2024-03-15,Tenali Vegetable Rythu Bazar,850,25.0,Tenali Vegetable Rythu Bazar,2024-03-15,25.3,30.5,34.8,Andhra Pradesh Marketing Dept / Agmarknet,Grade C cauliflower batch from FARM_030
CF0276,CF0276.jpg,FARM_019,2024-03-01,Ongole APMC Market (Prakasam),1572,29.4,Ongole APMC Market (Prakasam),2024-03-01,23.4,27.7,33.4,Andhra Pradesh Marketing Dept / Agmarknet,Grade A cauliflower batch from FARM_019
CF0277,CF0277.jpg,FARM_035,2024-03-14,Chirala Vegetable Market,1324,24.7,Chirala Vegetable Market,2024-03-14,25.9,29.9,35.0,Andhra Pradesh Marketing Dept / Agmarknet,Grade C cauliflower batch from FARM_035
CF0278,CF0278.jpg,FARM_011,2024-01-15,Nellore Vegetable Market (SPSR Nellore),304,29.5,Nellore Vegetable Market (SPSR Nellore),2024-01-15,22.2,27.3,31.9,Andhra Pradesh Marketing Dept / Agmarknet,Grade B cauliflower batch from FARM_011
CF0279,CF0279.jpg,FARM_005,2024-01-15,Srikakulam APMC Market Yard,2084,27.1,Srikakulam APMC Market Yard,2024-01-15,20.4,26.1,31.8,Andhra Pradesh Marketing Dept / Agmarknet,Grade A cauliflower batch from FARM_005
CF0280,CF0280.jpg,FARM_029,2024-01-14,Palamaner Vegetable Mandi,1953,32.2,Palamaner Vegetable Mandi,2024-01-14,20.4,26.3,30.8,Andhra Pradesh Marketing Dept / Agmarknet,Grade A cauliflower batch from FARM_029
CF0281,CF0281.jpg,FARM_023,2024-01-27,Vizianagaram APMC Market,724,29.6,Vizianagaram APMC Market,2024-01-27,19.9,24.7,31.3,Andhra Pradesh Marketing Dept / Agmarknet,Grade A cauliflower batch from FARM_023
CF0282,CF0282.jpg,FARM_038,2024-02-21,Paderu Agency Market,1746,22.1,Paderu Agency Market,2024-02-21,23.6,28.2,32.6,Andhra Pradesh Marketing Dept / Agmarknet,Grade C cauliflower batch from FARM_038
CF0283,CF0283.jpg,FARM_020,2024-03-10,Paderu Agency Market,2228,21.2,Paderu Agency Market,2024-03-10,18.3,23.3,29.6,Andhra Pradesh Marketing Dept / Agmarknet,Grade C cauliflower batch from FARM_020
CF0284,CF0284.jpg,FARM_028,2024-03-16,Srikalahasti APMC Market,1473,32.9,Srikalahasti APMC Market,2024-03-16,24.1,29.9,35.0,Andhra Pradesh Marketing Dept / Agmarknet,Grade A cauliflower batch from FARM_028
CF0285,CF0285.jpg,FARM_017,2024-03-08,Palamaner Vegetable Mandi,1501,28.4,Palamaner Vegetable Mandi,2024-03-08,24.1,29.9,35.8,Andhra Pradesh Marketing Dept / Agmarknet,Grade C cauliflower batch from FARM_017
CF0286,CF0286.jpg,FARM_030,2024-01-29,Bapatla APMC Market,2399,31.7,Bapatla APMC Market,2024-01-29,23.4,28.4,32.7,Andhra Pradesh Marketing Dept / Agmarknet,Grade A cauliflower batch from FARM_030
CF0287,CF0287.jpg,FARM_020,2024-03-15,Srikakulam APMC Market Yard,561,28.9,Srikakulam APMC Market Yard,2024-03-15,22.9,27.2,31.5,Andhra Pradesh Marketing Dept / Agmarknet,Grade A cauliflower batch from FARM_020
CF0288,CF0288.jpg,FARM_013,2024-01-27,Guntur APMC Market (Guntur),356,31.2,Guntur APMC Market (Guntur),2024-01-27,22.7,26.9,32.4,Andhra Pradesh Marketing Dept / Agmarknet,Grade A cauliflower batch from FARM_013
CF0289,CF0289.jpg,FARM_025,2024-02-20,Srikalahasti APMC Market,1822,22.1,Srikalahasti APMC Market,2024-02-20,21.8,26.2,32.8,Andhra Pradesh Marketing Dept / Agmarknet,Grade C cauliflower batch from FARM_025
CF0290,CF0290.jpg,FARM_031,2024-02-19,Kadapa APMC Mandi,1131,31.2,Kadapa APMC Mandi,2024-02-19,21.3,26.4,32.8,Andhra Pradesh Marketing Dept / Agmarknet,Grade A cauliflower batch from FARM_031
CF0291,CF0291.jpg,FARM_007,2024-01-30,Dharmavaram Vegetable Market,699,27.2,Dharmavaram Vegetable Market,2024-01-30,21.6,26.2,31.4,Andhra Pradesh Marketing Dept / Agmarknet,Grade A cauliflower batch from FARM_007
CF0292,CF0292.jpg,FARM_016,2024-02-29,Dharmavaram Vegetable Market,2259,23.3,Dharmavaram Vegetable Market,2024-02-29,19.9,25.2,31.3,Andhra Pradesh Marketing Dept / Agmarknet,Grade C cauliflower batch from FARM_016
CF0293,CF0293.jpg,FARM_025,2024-02-17,Bhimavaram APMC Market,1197,26.9,Bhimavaram APMC Market,2024-02-17,22.2,27.1,32.7,Andhra Pradesh Marketing Dept / Agmarknet,Grade B cauliflower batch from FARM_025
CF0294,CF0294.jpg,FARM_037,2024-03-25,Markapur Vegetable Mandi,2097,24.3,Markapur Vegetable Mandi,2024-03-25,20.9,26.5,32.2,Andhra Pradesh Marketing Dept / Agmarknet,Grade B cauliflower batch from FARM_037
CF0295,CF0295.jpg,FARM_023,2024-02-22,Adoni Vegetable APMC,1905,21.9,Adoni Vegetable APMC,2024-02-22,20.6,24.7,29.2,Andhra Pradesh Marketing Dept / Agmarknet,Grade C cauliflower batch from FARM_023
CF0296,CF0296.jpg,FARM_037,2024-03-14,Ongole APMC Market (Prakasam),200,25.8,Ongole APMC Market (Prakasam),2024-03-14,23.0,28.4,33.0,Andhra Pradesh Marketing Dept / Agmarknet,Grade C cauliflower batch from FARM_037
CF0297,CF0297.jpg,FARM_019,2024-03-15,Anantapur APMC Mandi,682,22.0,Anantapur APMC Mandi,2024-03-15,16.0,21.8,26.1,Andhra Pradesh Marketing Dept / Agmarknet,Grade B cauliflower batch from FARM_019
CF0298,CF0298.jpg,FARM_019,2024-03-18,Vijayawada Gollapudi APMC (NTR / Krishna),556,33.5,Vijayawada Gollapudi APMC (NTR / Krishna),2024-03-18,27.0,31.2,35.6,Andhra Pradesh Marketing Dept / Agmarknet,Grade A cauliflower batch from FARM_019
CF0299,CF0299.jpg,FARM_002,2024-03-12,Nellore Vegetable Market (SPSR Nellore),1176,33.3,Nellore Vegetable Market (SPSR Nellore),2024-03-12,24.2,28.3,33.0,Andhra Pradesh Marketing Dept / Agmarknet,Grade A cauliflower batch from FARM_002
CF0300,CF0300.jpg,FARM_026,2024-03-22,Kadapa APMC Mandi,947,30.9,Kadapa APMC Mandi,2024-03-22,23.8,28.1,34.0,Andhra Pradesh Marketing Dept / Agmarknet,Grade A cauliflower batch from FARM_026
CF0301,CF0301.jpg,FARM_018,2024-02-17,Kuppam Horticulture Mandi,1367,26.2,Kuppam Horticulture Mandi,2024-02-17,21.2,26.9,31.1,Andhra Pradesh Marketing Dept / Agmarknet,Grade B cauliflower batch from FARM_018
CF0302,CF0302.jpg,FARM_001,2024-03-10,Markapur Vegetable Mandi,2195,28.1,Markapur Vegetable Mandi,2024-03-10,21.0,25.0,31.7,Andhra Pradesh Marketing Dept / Agmarknet,Grade A cauliflower batch from FARM_001
CF0303,CF0303.jpg,FARM_037,2024-01-12,Tadepalligudem Vegetable Market,1549,37.0,Tadepalligudem Vegetable Market,2024-01-12,26.8,32.0,38.4,Andhra Pradesh Marketing Dept / Agmarknet,Grade A cauliflower batch from FARM_037
CF0304,CF0304.jpg,FARM_004,2024-02-26,Srikalahasti APMC Market,418,29.4,Srikalahasti APMC Market,2024-02-26,22.3,27.4,33.3,Andhra Pradesh Marketing Dept / Agmarknet,Grade A cauliflower batch from FARM_004
CF0305,CF0305.jpg,FARM_039,2024-02-21,Palamaner Vegetable Mandi,553,28.5,Palamaner Vegetable Mandi,2024-02-21,20.4,25.9,32.8,Andhra Pradesh Marketing Dept / Agmarknet,Grade A cauliflower batch from FARM_039
CF0306,CF0306.jpg,FARM_032,2024-01-24,Paderu Agency Market,800,22.9,Paderu Agency Market,2024-01-24,21.4,27.1,34.0,Andhra Pradesh Marketing Dept / Agmarknet,Grade C cauliflower batch from FARM_032
CF0307,CF0307.jpg,FARM_019,2024-03-03,Bhimavaram APMC Market,380,30.2,Bhimavaram APMC Market,2024-03-03,24.7,29.2,34.1,Andhra Pradesh Marketing Dept / Agmarknet,Grade A cauliflower batch from FARM_019
CF0308,CF0308.jpg,FARM_015,2024-03-24,Madanapalle Mandi (Annamayya / Chittoor),2284,27.7,Madanapalle Mandi (Annamayya / Chittoor),2024-03-24,23.7,28.6,34.5,Andhra Pradesh Marketing Dept / Agmarknet,Grade C cauliflower batch from FARM_015
CF0309,CF0309.jpg,FARM_039,2024-02-18,Tirupati RC Road Rythu Bazar,1302,29.4,Tirupati RC Road Rythu Bazar,2024-02-18,24.9,29.6,34.2,Andhra Pradesh Marketing Dept / Agmarknet,Grade B cauliflower batch from FARM_039
CF0310,CF0310.jpg,FARM_023,2024-01-13,Kadapa APMC Mandi,637,29.7,Kadapa APMC Mandi,2024-01-13,20.4,26.4,32.0,Andhra Pradesh Marketing Dept / Agmarknet,Grade A cauliflower batch from FARM_023
CF0311,CF0311.jpg,FARM_015,2024-03-10,Allagadda Rythu Bazar,2110,25.7,Allagadda Rythu Bazar,2024-03-10,20.6,25.1,29.2,Andhra Pradesh Marketing Dept / Agmarknet,Grade B cauliflower batch from FARM_015
CF0312,CF0312.jpg,FARM_013,2024-02-12,Chirala Vegetable Market,420,26.4,Chirala Vegetable Market,2024-02-12,22.9,27.2,33.3,Andhra Pradesh Marketing Dept / Agmarknet,Grade C cauliflower batch from FARM_013
CF0313,CF0313.jpg,FARM_040,2024-03-24,Rajahmundry APMC (East Godavari),1678,35.9,Rajahmundry APMC (East Godavari),2024-03-24,23.9,29.7,35.7,Andhra Pradesh Marketing Dept / Agmarknet,Grade A cauliflower batch from FARM_040
CF0314,CF0314.jpg,FARM_017,2024-03-23,Gudur Vegetable Market,2013,30.9,Gudur Vegetable Market,2024-03-23,21.6,27.6,32.4,Andhra Pradesh Marketing Dept / Agmarknet,Grade A cauliflower batch from FARM_017
CF0315,CF0315.jpg,FARM_009,2024-02-08,Hindupur APMC Market,1349,21.6,Hindupur APMC Market,2024-02-08,21.6,25.9,31.4,Andhra Pradesh Marketing Dept / Agmarknet,Grade C cauliflower batch from FARM_009
CF0316,CF0316.jpg,FARM_007,2024-01-16,Bapatla APMC Market,2019,30.2,Bapatla APMC Market,2024-01-16,23.1,27.3,33.6,Andhra Pradesh Marketing Dept / Agmarknet,Grade B cauliflower batch from FARM_007
CF0317,CF0317.jpg,FARM_003,2024-03-24,Palamaner Vegetable Mandi,2046,30.0,Palamaner Vegetable Mandi,2024-03-24,20.2,24.4,31.1,Andhra Pradesh Marketing Dept / Agmarknet,Grade A cauliflower batch from FARM_003
CF0318,CF0318.jpg,FARM_020,2024-03-11,Allagadda Rythu Bazar,693,29.8,Allagadda Rythu Bazar,2024-03-11,19.9,24.8,31.3,Andhra Pradesh Marketing Dept / Agmarknet,Grade A cauliflower batch from FARM_020
CF0319,CF0319.jpg,FARM_029,2024-01-31,Piduguralla Vegetable Mandi,518,32.9,Piduguralla Vegetable Mandi,2024-01-31,22.8,26.8,33.2,Andhra Pradesh Marketing Dept / Agmarknet,Grade A cauliflower batch from FARM_029
CF0320,CF0320.jpg,FARM_003,2024-03-17,Madanapalle Mandi (Annamayya / Chittoor),1823,23.7,Madanapalle Mandi (Annamayya / Chittoor),2024-03-17,24.0,28.2,33.5,Andhra Pradesh Marketing Dept / Agmarknet,Grade C cauliflower batch from FARM_003
CF0321,CF0321.jpg,FARM_038,2024-02-27,Piduguralla Vegetable Mandi,1404,26.9,Piduguralla Vegetable Mandi,2024-02-27,20.4,24.5,30.2,Andhra Pradesh Marketing Dept / Agmarknet,Grade A cauliflower batch from FARM_038
CF0322,CF0322.jpg,FARM_024,2024-01-28,Proddatur Vegetable Market,2261,29.8,Proddatur Vegetable Market,2024-01-28,22.5,27.3,34.1,Andhra Pradesh Marketing Dept / Agmarknet,Grade A cauliflower batch from FARM_024
CF0323,CF0323.jpg,FARM_009,2024-02-10,Nellore Vegetable Market (SPSR Nellore),1627,25.1,Nellore Vegetable Market (SPSR Nellore),2024-02-10,24.8,29.6,35.6,Andhra Pradesh Marketing Dept / Agmarknet,Grade C cauliflower batch from FARM_009
CF0324,CF0324.jpg,FARM_006,2024-01-14,Vijayawada Swaraj Maidan Rythu Bazar,1307,30.7,Vijayawada Swaraj Maidan Rythu Bazar,2024-01-14,30.2,34.7,40.1,Andhra Pradesh Marketing Dept / Agmarknet,Grade C cauliflower batch from FARM_006
CF0325,CF0325.jpg,FARM_019,2024-03-23,Ongole APMC Market (Prakasam),1038,27.0,Ongole APMC Market (Prakasam),2024-03-23,21.6,25.8,32.0,Andhra Pradesh Marketing Dept / Agmarknet,Grade B cauliflower batch from FARM_019
CF0326,CF0326.jpg,FARM_021,2024-01-24,Bobbili Vegetable Market,2214,31.6,Bobbili Vegetable Market,2024-01-24,22.4,28.2,34.6,Andhra Pradesh Marketing Dept / Agmarknet,Grade A cauliflower batch from FARM_021
CF0327,CF0327.jpg,FARM_027,2024-02-03,Srikakulam APMC Market Yard,2249,28.3,Srikakulam APMC Market Yard,2024-02-03,21.0,25.1,29.6,Andhra Pradesh Marketing Dept / Agmarknet,Grade A cauliflower batch from FARM_027
CF0328,CF0328.jpg,FARM_012,2024-01-12,Tadepalligudem Vegetable Market,1418,34.9,Tadepalligudem Vegetable Market,2024-01-12,25.5,30.1,36.4,Andhra Pradesh Marketing Dept / Agmarknet,Grade A cauliflower batch from FARM_012
CF0329,CF0329.jpg,FARM_013,2024-03-06,Anakapalle APMC Yard,1319,27.2,Anakapalle APMC Yard,2024-03-06,23.5,29.3,33.5,Andhra Pradesh Marketing Dept / Agmarknet,Grade C cauliflower batch from FARM_013
CF0330,CF0330.jpg,FARM_009,2024-02-19,Parvathipuram APMC Market,1995,25.8,Parvathipuram APMC Market,2024-02-19,17.5,22.3,28.8,Andhra Pradesh Marketing Dept / Agmarknet,Grade A cauliflower batch from FARM_009
CF0331,CF0331.jpg,FARM_035,2024-03-03,Rajahmundry APMC (East Godavari),683,27.7,Rajahmundry APMC (East Godavari),2024-03-03,22.7,27.3,32.7,Andhra Pradesh Marketing Dept / Agmarknet,Grade B cauliflower batch from FARM_035
CF0332,CF0332.jpg,FARM_024,2024-01-29,Nandyal APMC Market,1350,29.9,Nandyal APMC Market,2024-01-29,21.7,27.6,32.6,Andhra Pradesh Marketing Dept / Agmarknet,Grade A cauliflower batch from FARM_024
CF0333,CF0333.jpg,FARM_034,2024-03-02,Dharmavaram Vegetable Market,1417,26.6,Dharmavaram Vegetable Market,2024-03-02,19.0,24.1,29.8,Andhra Pradesh Marketing Dept / Agmarknet,Grade A cauliflower batch from FARM_034
CF0334,CF0334.jpg,FARM_033,2024-02-05,Vijayawada Swaraj Maidan Rythu Bazar,1391,35.6,Vijayawada Swaraj Maidan Rythu Bazar,2024-02-05,26.6,31.8,36.1,Andhra Pradesh Marketing Dept / Agmarknet,Grade A cauliflower batch from FARM_033
CF0335,CF0335.jpg,FARM_018,2024-03-02,Hindupur APMC Market,1513,24.4,Hindupur APMC Market,2024-03-02,22.0,26.4,32.4,Andhra Pradesh Marketing Dept / Agmarknet,Grade C cauliflower batch from FARM_018
CF0336,CF0336.jpg,FARM_011,2024-03-14,Palamaner Vegetable Mandi,311,20.1,Palamaner Vegetable Mandi,2024-03-14,20.2,24.6,31.4,Andhra Pradesh Marketing Dept / Agmarknet,Grade C cauliflower batch from FARM_011
CF0337,CF0337.jpg,FARM_017,2024-03-10,Jangareddygudem Market,234,22.7,Jangareddygudem Market,2024-03-10,20.2,26.1,32.4,Andhra Pradesh Marketing Dept / Agmarknet,Grade C cauliflower batch from FARM_017
CF0338,CF0338.jpg,FARM_031,2024-01-17,Amadalavalasa Vegetable Market,545,23.7,Amadalavalasa Vegetable Market,2024-01-17,21.3,25.8,31.0,Andhra Pradesh Marketing Dept / Agmarknet,Grade C cauliflower batch from FARM_031
CF0339,CF0339.jpg,FARM_019,2024-01-27,Bhimavaram APMC Market,319,31.8,Bhimavaram APMC Market,2024-01-27,26.1,31.3,35.7,Andhra Pradesh Marketing Dept / Agmarknet,Grade B cauliflower batch from FARM_019
CF0340,CF0340.jpg,FARM_022,2024-03-16,Palamaner Vegetable Mandi,606,32.0,Palamaner Vegetable Mandi,2024-03-16,24.4,28.9,34.1,Andhra Pradesh Marketing Dept / Agmarknet,Grade A cauliflower batch from FARM_022
CF0341,CF0341.jpg,FARM_008,2024-02-05,Amadalavalasa Vegetable Market,380,23.1,Amadalavalasa Vegetable Market,2024-02-05,20.9,25.6,30.8,Andhra Pradesh Marketing Dept / Agmarknet,Grade C cauliflower batch from FARM_008
CF0342,CF0342.jpg,FARM_030,2024-03-21,Gudivada Vegetable Market,1388,27.4,Gudivada Vegetable Market,2024-03-21,23.3,28.5,34.0,Andhra Pradesh Marketing Dept / Agmarknet,Grade B cauliflower batch from FARM_030
CF0343,CF0343.jpg,FARM_005,2024-02-20,Palamaner Vegetable Mandi,2119,24.0,Palamaner Vegetable Mandi,2024-02-20,19.7,24.1,28.9,Andhra Pradesh Marketing Dept / Agmarknet,Grade A cauliflower batch from FARM_005
CF0344,CF0344.jpg,FARM_010,2024-03-11,Palamaner Vegetable Mandi,1944,22.5,Palamaner Vegetable Mandi,2024-03-11,19.5,24.8,31.0,Andhra Pradesh Marketing Dept / Agmarknet,Grade C cauliflower batch from FARM_010
CF0345,CF0345.jpg,FARM_015,2024-03-17,Jangareddygudem Market,2285,30.5,Jangareddygudem Market,2024-03-17,20.4,25.5,32.5,Andhra Pradesh Marketing Dept / Agmarknet,Grade A cauliflower batch from FARM_015
CF0346,CF0346.jpg,FARM_026,2024-02-27,Gudur Vegetable Market,2067,30.4,Gudur Vegetable Market,2024-02-27,23.8,29.7,35.5,Andhra Pradesh Marketing Dept / Agmarknet,Grade A cauliflower batch from FARM_026
CF0347,CF0347.jpg,FARM_036,2024-02-19,Kakinada Main Rythu Bazar,1251,31.6,Kakinada Main Rythu Bazar,2024-02-19,27.5,31.6,37.5,Andhra Pradesh Marketing Dept / Agmarknet,Grade B cauliflower batch from FARM_036
CF0348,CF0348.jpg,FARM_024,2024-02-01,Amalapuram APMC Yard,1591,36.1,Amalapuram APMC Yard,2024-02-01,26.0,30.0,35.7,Andhra Pradesh Marketing Dept / Agmarknet,Grade A cauliflower batch from FARM_024
CF0349,CF0349.jpg,FARM_006,2024-03-08,Allagadda Rythu Bazar,2141,27.9,Allagadda Rythu Bazar,2024-03-08,18.4,23.5,27.5,Andhra Pradesh Marketing Dept / Agmarknet,Grade A cauliflower batch from FARM_006
CF0350,CF0350.jpg,FARM_026,2024-03-18,Palamaner Vegetable Mandi,1285,21.3,Palamaner Vegetable Mandi,2024-03-18,19.9,24.9,29.5,Andhra Pradesh Marketing Dept / Agmarknet,Grade C cauliflower batch from FARM_026
CF0351,CF0351.jpg,FARM_001,2024-02-22,Kakinada Main Rythu Bazar,1145,40.2,Kakinada Main Rythu Bazar,2024-02-22,28.2,33.3,40.1,Andhra Pradesh Marketing Dept / Agmarknet,Grade A cauliflower batch from FARM_001
CF0352,CF0352.jpg,FARM_017,2024-03-19,Tirupati RC Road Rythu Bazar,1805,30.0,Tirupati RC Road Rythu Bazar,2024-03-19,24.1,29.6,33.9,Andhra Pradesh Marketing Dept / Agmarknet,Grade A cauliflower batch from FARM_017
CF0353,CF0353.jpg,FARM_035,2024-02-24,Anantapur APMC Mandi,703,24.6,Anantapur APMC Mandi,2024-02-24,17.6,22.5,28.7,Andhra Pradesh Marketing Dept / Agmarknet,Grade A cauliflower batch from FARM_035
CF0354,CF0354.jpg,FARM_008,2024-02-12,Kuppam Horticulture Mandi,1424,30.3,Kuppam Horticulture Mandi,2024-02-12,23.3,28.2,34.2,Andhra Pradesh Marketing Dept / Agmarknet,Grade A cauliflower batch from FARM_008
CF0355,CF0355.jpg,FARM_030,2024-03-11,Visakhapatnam MVP Rythu Bazar (Visakhapatnam),637,29.0,Visakhapatnam MVP Rythu Bazar (Visakhapatnam),2024-03-11,26.6,32.5,37.0,Andhra Pradesh Marketing Dept / Agmarknet,Grade C cauliflower batch from FARM_030
CF0356,CF0356.jpg,FARM_024,2024-02-03,Kuppam Horticulture Mandi,2127,25.8,Kuppam Horticulture Mandi,2024-02-03,20.6,25.4,29.6,Andhra Pradesh Marketing Dept / Agmarknet,Grade B cauliflower batch from FARM_024
CF0357,CF0357.jpg,FARM_017,2024-02-10,Vizianagaram APMC Market,1123,32.7,Vizianagaram APMC Market,2024-02-10,22.7,27.3,31.9,Andhra Pradesh Marketing Dept / Agmarknet,Grade A cauliflower batch from FARM_017
CF0358,CF0358.jpg,FARM_038,2024-02-14,Kadapa APMC Mandi,270,28.0,Kadapa APMC Mandi,2024-02-14,19.9,25.6,31.5,Andhra Pradesh Marketing Dept / Agmarknet,Grade A cauliflower batch from FARM_038
CF0359,CF0359.jpg,FARM_025,2024-03-21,Bapatla APMC Market,2159,31.0,Bapatla APMC Market,2024-03-21,20.7,26.3,32.1,Andhra Pradesh Marketing Dept / Agmarknet,Grade A cauliflower batch from FARM_025
CF0360,CF0360.jpg,FARM_024,2024-02-17,Kurnool APMC Market (C-Camp),655,26.7,Kurnool APMC Market (C-Camp),2024-02-17,18.0,22.7,27.7,Andhra Pradesh Marketing Dept / Agmarknet,Grade A cauliflower batch from FARM_024
CF0361,CF0361.jpg,FARM_007,2024-02-07,Eluru APMC Market,2471,29.4,Eluru APMC Market,2024-02-07,22.1,27.8,32.5,Andhra Pradesh Marketing Dept / Agmarknet,Grade A cauliflower batch from FARM_007
CF0362,CF0362.jpg,FARM_015,2024-02-17,Kadapa APMC Mandi,2096,29.9,Kadapa APMC Mandi,2024-02-17,19.8,25.4,29.9,Andhra Pradesh Marketing Dept / Agmarknet,Grade A cauliflower batch from FARM_015
CF0363,CF0363.jpg,FARM_031,2024-02-15,Jangareddygudem Market,2113,24.6,Jangareddygudem Market,2024-02-15,22.4,26.7,32.9,Andhra Pradesh Marketing Dept / Agmarknet,Grade C cauliflower batch from FARM_031
CF0364,CF0364.jpg,FARM_002,2024-02-05,Visakhapatnam MVP Rythu Bazar (Visakhapatnam),599,40.2,Visakhapatnam MVP Rythu Bazar (Visakhapatnam),2024-02-05,29.5,35.3,41.4,Andhra Pradesh Marketing Dept / Agmarknet,Grade A cauliflower batch from FARM_002
CF0365,CF0365.jpg,FARM_040,2024-03-12,Chittoor Town APMC Market,542,21.5,Chittoor Town APMC Market,2024-03-12,22.2,26.7,33.4,Andhra Pradesh Marketing Dept / Agmarknet,Grade C cauliflower batch from FARM_040
CF0366,CF0366.jpg,FARM_036,2024-02-19,Gajuwaka Industrial Rythu Bazar,1188,32.6,Gajuwaka Industrial Rythu Bazar,2024-02-19,26.3,30.4,34.4,Andhra Pradesh Marketing Dept / Agmarknet,Grade B cauliflower batch from FARM_036
CF0367,CF0367.jpg,FARM_021,2024-03-11,Tirupati RC Road Rythu Bazar,1510,35.9,Tirupati RC Road Rythu Bazar,2024-03-11,26.5,31.4,37.1,Andhra Pradesh Marketing Dept / Agmarknet,Grade A cauliflower batch from FARM_021
CF0368,CF0368.jpg,FARM_040,2024-02-23,Chirala Vegetable Market,602,31.4,Chirala Vegetable Market,2024-02-23,23.1,28.8,33.2,Andhra Pradesh Marketing Dept / Agmarknet,Grade A cauliflower batch from FARM_040
CF0369,CF0369.jpg,FARM_015,2024-03-21,Anakapalle APMC Yard,474,24.7,Anakapalle APMC Yard,2024-03-21,23.5,27.6,33.8,Andhra Pradesh Marketing Dept / Agmarknet,Grade C cauliflower batch from FARM_015
CF0370,CF0370.jpg,FARM_005,2024-02-14,Jangareddygudem Market,985,32.0,Jangareddygudem Market,2024-02-14,21.6,27.5,32.2,Andhra Pradesh Marketing Dept / Agmarknet,Grade A cauliflower batch from FARM_005
CF0371,CF0371.jpg,FARM_030,2024-02-15,Eluru APMC Market,1987,30.5,Eluru APMC Market,2024-02-15,21.3,26.8,31.2,Andhra Pradesh Marketing Dept / Agmarknet,Grade A cauliflower batch from FARM_030
CF0372,CF0372.jpg,FARM_020,2024-01-25,Amalapuram APMC Yard,1067,30.9,Amalapuram APMC Yard,2024-01-25,22.0,27.9,32.8,Andhra Pradesh Marketing Dept / Agmarknet,Grade A cauliflower batch from FARM_020
CF0373,CF0373.jpg,FARM_027,2024-03-23,Gudivada Vegetable Market,1471,30.7,Gudivada Vegetable Market,2024-03-23,24.3,29.3,34.2,Andhra Pradesh Marketing Dept / Agmarknet,Grade A cauliflower batch from FARM_027
CF0374,CF0374.jpg,FARM_008,2024-03-19,Proddatur Vegetable Market,1507,27.3,Proddatur Vegetable Market,2024-03-19,22.2,26.2,32.5,Andhra Pradesh Marketing Dept / Agmarknet,Grade A cauliflower batch from FARM_008
CF0375,CF0375.jpg,FARM_009,2024-02-27,Hindupur APMC Market,309,32.1,Hindupur APMC Market,2024-02-27,22.8,28.1,32.1,Andhra Pradesh Marketing Dept / Agmarknet,Grade A cauliflower batch from FARM_009
CF0376,CF0376.jpg,FARM_003,2024-02-29,Anakapalle APMC Yard,1053,31.6,Anakapalle APMC Yard,2024-02-29,22.7,28.1,33.7,Andhra Pradesh Marketing Dept / Agmarknet,Grade A cauliflower batch from FARM_003
CF0377,CF0377.jpg,FARM_003,2024-02-23,Parvathipuram APMC Market,1829,30.7,Parvathipuram APMC Market,2024-02-23,22.6,27.9,33.6,Andhra Pradesh Marketing Dept / Agmarknet,Grade A cauliflower batch from FARM_003
CF0378,CF0378.jpg,FARM_020,2024-01-28,Gudivada Vegetable Market,1326,31.1,Gudivada Vegetable Market,2024-01-28,24.7,29.8,35.2,Andhra Pradesh Marketing Dept / Agmarknet,Grade B cauliflower batch from FARM_020
CF0379,CF0379.jpg,FARM_032,2024-02-16,Kadapa APMC Mandi,2007,20.9,Kadapa APMC Mandi,2024-02-16,21.4,25.5,29.8,Andhra Pradesh Marketing Dept / Agmarknet,Grade C cauliflower batch from FARM_032
CF0380,CF0380.jpg,FARM_008,2024-01-15,Proddatur Vegetable Market,833,31.9,Proddatur Vegetable Market,2024-01-15,23.6,27.6,33.5,Andhra Pradesh Marketing Dept / Agmarknet,Grade A cauliflower batch from FARM_008
CF0381,CF0381.jpg,FARM_007,2024-02-15,Bapatla APMC Market,1236,30.5,Bapatla APMC Market,2024-02-15,22.4,26.9,32.4,Andhra Pradesh Marketing Dept / Agmarknet,Grade A cauliflower batch from FARM_007
CF0382,CF0382.jpg,FARM_016,2024-01-20,Adoni Vegetable APMC,1706,29.4,Adoni Vegetable APMC,2024-01-20,21.0,25.1,30.3,Andhra Pradesh Marketing Dept / Agmarknet,Grade A cauliflower batch from FARM_016
CF0383,CF0383.jpg,FARM_035,2024-02-23,Anakapalle APMC Yard,2357,31.7,Anakapalle APMC Yard,2024-02-23,24.8,29.3,34.8,Andhra Pradesh Marketing Dept / Agmarknet,Grade A cauliflower batch from FARM_035
CF0384,CF0384.jpg,FARM_009,2024-03-06,Paderu Agency Market,680,34.0,Paderu Agency Market,2024-03-06,24.4,29.1,34.9,Andhra Pradesh Marketing Dept / Agmarknet,Grade A cauliflower batch from FARM_009
CF0385,CF0385.jpg,FARM_025,2024-02-11,Machilipatnam APMC Market,1629,28.8,Machilipatnam APMC Market,2024-02-11,23.9,28.3,33.8,Andhra Pradesh Marketing Dept / Agmarknet,Grade B cauliflower batch from FARM_025
CF0386,CF0386.jpg,FARM_030,2024-03-11,Nellore Vegetable Market (SPSR Nellore),763,30.1,Nellore Vegetable Market (SPSR Nellore),2024-03-11,24.3,28.8,34.0,Andhra Pradesh Marketing Dept / Agmarknet,Grade A cauliflower batch from FARM_030
CF0387,CF0387.jpg,FARM_024,2024-02-06,Gudivada Vegetable Market,1553,29.7,Gudivada Vegetable Market,2024-02-06,24.8,30.2,34.6,Andhra Pradesh Marketing Dept / Agmarknet,Grade C cauliflower batch from FARM_024
CF0388,CF0388.jpg,FARM_035,2024-02-04,Kuppam Horticulture Mandi,2278,29.2,Kuppam Horticulture Mandi,2024-02-04,19.5,25.4,32.4,Andhra Pradesh Marketing Dept / Agmarknet,Grade A cauliflower batch from FARM_035
CF0389,CF0389.jpg,FARM_027,2024-03-18,Madanapalle Mandi (Annamayya / Chittoor),1991,25.8,Madanapalle Mandi (Annamayya / Chittoor),2024-03-18,24.1,29.8,34.7,Andhra Pradesh Marketing Dept / Agmarknet,Grade C cauliflower batch from FARM_027
CF0390,CF0390.jpg,FARM_038,2024-02-13,Nellore Vegetable Market (SPSR Nellore),1219,30.3,Nellore Vegetable Market (SPSR Nellore),2024-02-13,24.8,30.2,34.6,Andhra Pradesh Marketing Dept / Agmarknet,Grade B cauliflower batch from FARM_038
CF0391,CF0391.jpg,FARM_010,2024-03-21,Gajuwaka Industrial Rythu Bazar,2480,35.0,Gajuwaka Industrial Rythu Bazar,2024-03-21,26.5,31.6,38.0,Andhra Pradesh Marketing Dept / Agmarknet,Grade A cauliflower batch from FARM_010
CF0392,CF0392.jpg,FARM_027,2024-02-13,Eluru APMC Market,1002,24.6,Eluru APMC Market,2024-02-13,20.6,26.1,30.4,Andhra Pradesh Marketing Dept / Agmarknet,Grade B cauliflower batch from FARM_027
CF0393,CF0393.jpg,FARM_007,2024-01-27,Srikalahasti APMC Market,1948,30.5,Srikalahasti APMC Market,2024-01-27,21.7,26.7,33.1,Andhra Pradesh Marketing Dept / Agmarknet,Grade A cauliflower batch from FARM_007
CF0394,CF0394.jpg,FARM_032,2024-01-23,Kuppam Horticulture Mandi,944,28.4,Kuppam Horticulture Mandi,2024-01-23,22.2,27.9,32.3,Andhra Pradesh Marketing Dept / Agmarknet,Grade A cauliflower batch from FARM_032
CF0395,CF0395.jpg,FARM_040,2024-03-25,Bhimavaram APMC Market,1303,31.1,Bhimavaram APMC Market,2024-03-25,26.1,31.4,37.2,Andhra Pradesh Marketing Dept / Agmarknet,Grade A cauliflower batch from FARM_040
CF0396,CF0396.jpg,FARM_027,2024-02-09,Hindupur APMC Market,2023,30.1,Hindupur APMC Market,2024-02-09,21.7,26.0,30.4,Andhra Pradesh Marketing Dept / Agmarknet,Grade A cauliflower batch from FARM_027
CF0397,CF0397.jpg,FARM_018,2024-02-10,Kakinada Main Rythu Bazar,2220,25.1,Kakinada Main Rythu Bazar,2024-02-10,26.1,30.9,37.6,Andhra Pradesh Marketing Dept / Agmarknet,Grade C cauliflower batch from FARM_018
CF0398,CF0398.jpg,FARM_003,2024-01-16,Proddatur Vegetable Market,1149,34.8,Proddatur Vegetable Market,2024-01-16,23.7,28.4,32.6,Andhra Pradesh Marketing Dept / Agmarknet,Grade A cauliflower batch from FARM_003
CF0399,CF0399.jpg,FARM_024,2024-03-17,Adoni Vegetable APMC,2488,27.0,Adoni Vegetable APMC,2024-03-17,19.2,25.0,30.7,Andhra Pradesh Marketing Dept / Agmarknet,Grade A cauliflower batch from FARM_024
CF0400,CF0400.jpg,FARM_014,2024-02-07,Tenali Vegetable Rythu Bazar,625,29.5,Tenali Vegetable Rythu Bazar,2024-02-07,24.5,30.3,35.3,Andhra Pradesh Marketing Dept / Agmarknet,Grade B cauliflower batch from FARM_014
CF0401,CF0401.jpg,FARM_029,2024-02-08,Kuppam Horticulture Mandi,1596,23.3,Kuppam Horticulture Mandi,2024-02-08,22.9,28.9,34.0,Andhra Pradesh Marketing Dept / Agmarknet,Grade C cauliflower batch from FARM_029
CF0402,CF0402.jpg,FARM_029,2024-01-16,Kadapa APMC Mandi,1117,27.7,Kadapa APMC Mandi,2024-01-16,17.5,23.2,29.0,Andhra Pradesh Marketing Dept / Agmarknet,Grade A cauliflower batch from FARM_029
CF0403,CF0403.jpg,FARM_016,2024-01-22,Narasaraopet APMC Market,414,25.0,Narasaraopet APMC Market,2024-01-22,23.4,27.5,34.1,Andhra Pradesh Marketing Dept / Agmarknet,Grade C cauliflower batch from FARM_016
CF0404,CF0404.jpg,FARM_024,2024-03-02,Vijayawada Swaraj Maidan Rythu Bazar,1903,39.0,Vijayawada Swaraj Maidan Rythu Bazar,2024-03-02,29.2,34.9,41.2,Andhra Pradesh Marketing Dept / Agmarknet,Grade A cauliflower batch from FARM_024
CF0405,CF0405.jpg,FARM_007,2024-02-21,Allagadda Rythu Bazar,1975,29.9,Allagadda Rythu Bazar,2024-02-21,21.8,26.0,31.4,Andhra Pradesh Marketing Dept / Agmarknet,Grade A cauliflower batch from FARM_007
CF0406,CF0406.jpg,FARM_024,2024-03-10,Markapur Vegetable Mandi,621,27.0,Markapur Vegetable Mandi,2024-03-10,19.5,24.2,29.7,Andhra Pradesh Marketing Dept / Agmarknet,Grade A cauliflower batch from FARM_024
CF0407,CF0407.jpg,FARM_035,2024-01-22,Bhimavaram APMC Market,1017,26.3,Bhimavaram APMC Market,2024-01-22,23.6,27.6,33.3,Andhra Pradesh Marketing Dept / Agmarknet,Grade B cauliflower batch from FARM_035
CF0408,CF0408.jpg,FARM_023,2024-01-27,Parvathipuram APMC Market,1692,33.1,Parvathipuram APMC Market,2024-01-27,23.8,28.6,33.6,Andhra Pradesh Marketing Dept / Agmarknet,Grade A cauliflower batch from FARM_023
CF0409,CF0409.jpg,FARM_004,2024-01-10,Machilipatnam APMC Market,1071,29.9,Machilipatnam APMC Market,2024-01-10,24.5,29.9,35.3,Andhra Pradesh Marketing Dept / Agmarknet,Grade B cauliflower batch from FARM_004
CF0410,CF0410.jpg,FARM_026,2024-03-20,Gajuwaka Industrial Rythu Bazar,2019,36.1,Gajuwaka Industrial Rythu Bazar,2024-03-20,27.1,32.8,37.3,Andhra Pradesh Marketing Dept / Agmarknet,Grade A cauliflower batch from FARM_026
CF0411,CF0411.jpg,FARM_018,2024-01-30,Paderu Agency Market,992,20.6,Paderu Agency Market,2024-01-30,18.1,23.9,29.3,Andhra Pradesh Marketing Dept / Agmarknet,Grade C cauliflower batch from FARM_018
CF0412,CF0412.jpg,FARM_013,2024-03-02,Amalapuram APMC Yard,2285,28.4,Amalapuram APMC Yard,2024-03-02,23.5,28.6,33.5,Andhra Pradesh Marketing Dept / Agmarknet,Grade B cauliflower batch from FARM_013
CF0413,CF0413.jpg,FARM_008,2024-03-10,Madanapalle Mandi (Annamayya / Chittoor),255,24.6,Madanapalle Mandi (Annamayya / Chittoor),2024-03-10,23.8,27.9,34.2,Andhra Pradesh Marketing Dept / Agmarknet,Grade C cauliflower batch from FARM_008
CF0414,CF0414.jpg,FARM_030,2024-03-11,Anakapalle APMC Yard,969,28.6,Anakapalle APMC Yard,2024-03-11,22.7,28.3,33.3,Andhra Pradesh Marketing Dept / Agmarknet,Grade A cauliflower batch from FARM_030
CF0415,CF0415.jpg,FARM_006,2024-02-04,Tadepalligudem Vegetable Market,734,35.2,Tadepalligudem Vegetable Market,2024-02-04,25.3,30.8,35.6,Andhra Pradesh Marketing Dept / Agmarknet,Grade A cauliflower batch from FARM_006
CF0416,CF0416.jpg,FARM_014,2024-02-15,Machilipatnam APMC Market,2256,32.9,Machilipatnam APMC Market,2024-02-15,26.1,30.1,36.8,Andhra Pradesh Marketing Dept / Agmarknet,Grade A cauliflower batch from FARM_014
CF0417,CF0417.jpg,FARM_039,2024-02-20,Anakapalle APMC Yard,1973,29.0,Anakapalle APMC Yard,2024-02-20,23.8,29.4,34.3,Andhra Pradesh Marketing Dept / Agmarknet,Grade A cauliflower batch from FARM_039
CF0418,CF0418.jpg,FARM_002,2024-02-15,Srikalahasti APMC Market,2362,24.7,Srikalahasti APMC Market,2024-02-15,23.3,27.6,33.1,Andhra Pradesh Marketing Dept / Agmarknet,Grade C cauliflower batch from FARM_002
CF0419,CF0419.jpg,FARM_004,2024-01-17,Adoni Vegetable APMC,328,26.4,Adoni Vegetable APMC,2024-01-17,18.8,23.2,28.2,Andhra Pradesh Marketing Dept / Agmarknet,Grade A cauliflower batch from FARM_004
CF0420,CF0420.jpg,FARM_022,2024-01-21,Proddatur Vegetable Market,612,20.7,Proddatur Vegetable Market,2024-01-21,21.5,25.8,31.1,Andhra Pradesh Marketing Dept / Agmarknet,Grade C cauliflower batch from FARM_022
CF0421,CF0421.jpg,FARM_016,2024-03-23,Kurnool APMC Market (C-Camp),1599,19.5,Kurnool APMC Market (C-Camp),2024-03-23,19.1,24.4,30.4,Andhra Pradesh Marketing Dept / Agmarknet,Grade C cauliflower batch from FARM_016
CF0422,CF0422.jpg,FARM_009,2024-02-08,Srikalahasti APMC Market,247,26.4,Srikalahasti APMC Market,2024-02-08,21.1,26.8,31.2,Andhra Pradesh Marketing Dept / Agmarknet,Grade A cauliflower batch from FARM_009
CF0423,CF0423.jpg,FARM_037,2024-03-18,Amadalavalasa Vegetable Market,1939,20.7,Amadalavalasa Vegetable Market,2024-03-18,20.1,24.6,29.2,Andhra Pradesh Marketing Dept / Agmarknet,Grade C cauliflower batch from FARM_037
CF0424,CF0424.jpg,FARM_014,2024-01-14,Tadepalligudem Vegetable Market,2047,33.8,Tadepalligudem Vegetable Market,2024-01-14,24.5,30.0,36.8,Andhra Pradesh Marketing Dept / Agmarknet,Grade A cauliflower batch from FARM_014
CF0425,CF0425.jpg,FARM_005,2024-02-01,Nandyal APMC Market,153,27.2,Nandyal APMC Market,2024-02-01,19.5,24.7,31.0,Andhra Pradesh Marketing Dept / Agmarknet,Grade A cauliflower batch from FARM_005
CF0426,CF0426.jpg,FARM_036,2024-03-03,Vijayawada Gollapudi APMC (NTR / Krishna),1446,33.3,Vijayawada Gollapudi APMC (NTR / Krishna),2024-03-03,27.1,31.6,36.4,Andhra Pradesh Marketing Dept / Agmarknet,Grade A cauliflower batch from FARM_036
CF0427,CF0427.jpg,FARM_014,2024-02-01,Vijayawada Swaraj Maidan Rythu Bazar,1046,31.5,Vijayawada Swaraj Maidan Rythu Bazar,2024-02-01,27.1,31.5,37.6,Andhra Pradesh Marketing Dept / Agmarknet,Grade A cauliflower batch from FARM_014
CF0428,CF0428.jpg,FARM_038,2024-01-14,Visakhapatnam MVP Rythu Bazar (Visakhapatnam),951,38.4,Visakhapatnam MVP Rythu Bazar (Visakhapatnam),2024-01-14,27.6,32.1,38.3,Andhra Pradesh Marketing Dept / Agmarknet,Grade A cauliflower batch from FARM_038
CF0429,CF0429.jpg,FARM_014,2024-02-29,Hindupur APMC Market,714,22.6,Hindupur APMC Market,2024-02-29,20.4,26.0,30.4,Andhra Pradesh Marketing Dept / Agmarknet,Grade C cauliflower batch from FARM_014
CF0430,CF0430.jpg,FARM_015,2024-03-13,Parvathipuram APMC Market,1768,27.2,Parvathipuram APMC Market,2024-03-13,23.1,27.6,34.3,Andhra Pradesh Marketing Dept / Agmarknet,Grade B cauliflower batch from FARM_015
CF0431,CF0431.jpg,FARM_022,2024-02-02,Guntur APMC Market (Guntur),386,26.8,Guntur APMC Market (Guntur),2024-02-02,23.0,27.5,32.3,Andhra Pradesh Marketing Dept / Agmarknet,Grade B cauliflower batch from FARM_022
CF0432,CF0432.jpg,FARM_010,2024-02-16,Hindupur APMC Market,599,28.0,Hindupur APMC Market,2024-02-16,22.5,28.4,33.0,Andhra Pradesh Marketing Dept / Agmarknet,Grade A cauliflower batch from FARM_010
CF0433,CF0433.jpg,FARM_039,2024-01-14,Vizianagaram APMC Market,1846,24.3,Vizianagaram APMC Market,2024-01-14,21.7,25.8,31.2,Andhra Pradesh Marketing Dept / Agmarknet,Grade B cauliflower batch from FARM_039
CF0434,CF0434.jpg,FARM_001,2024-01-11,Araku Valley Horticulture Hub (ASR District),565,27.7,Araku Valley Horticulture Hub (ASR District),2024-01-11,27.9,33.2,38.5,Andhra Pradesh Marketing Dept / Agmarknet,Grade C cauliflower batch from FARM_001
CF0435,CF0435.jpg,FARM_018,2024-02-17,Proddatur Vegetable Market,1717,32.0,Proddatur Vegetable Market,2024-02-17,25.2,29.5,35.0,Andhra Pradesh Marketing Dept / Agmarknet,Grade A cauliflower batch from FARM_018
CF0436,CF0436.jpg,FARM_010,2024-03-22,Kakinada Main Rythu Bazar,1294,32.1,Kakinada Main Rythu Bazar,2024-03-22,25.5,31.3,37.7,Andhra Pradesh Marketing Dept / Agmarknet,Grade A cauliflower batch from FARM_010
CF0437,CF0437.jpg,FARM_009,2024-01-23,Rajahmundry APMC (East Godavari),1882,24.8,Rajahmundry APMC (East Godavari),2024-01-23,21.9,27.6,31.8,Andhra Pradesh Marketing Dept / Agmarknet,Grade C cauliflower batch from FARM_009
CF0438,CF0438.jpg,FARM_035,2024-02-21,Proddatur Vegetable Market,922,28.2,Proddatur Vegetable Market,2024-02-21,19.6,25.4,31.6,Andhra Pradesh Marketing Dept / Agmarknet,Grade A cauliflower batch from FARM_035
CF0439,CF0439.jpg,FARM_017,2024-02-15,Palamaner Vegetable Mandi,1536,27.7,Palamaner Vegetable Mandi,2024-02-15,20.7,25.8,31.4,Andhra Pradesh Marketing Dept / Agmarknet,Grade A cauliflower batch from FARM_017
CF0440,CF0440.jpg,FARM_012,2024-03-08,Tirupati RC Road Rythu Bazar,2168,30.2,Tirupati RC Road Rythu Bazar,2024-03-08,22.2,28.0,32.8,Andhra Pradesh Marketing Dept / Agmarknet,Grade A cauliflower batch from FARM_012
CF0441,CF0441.jpg,FARM_008,2024-03-19,Araku Valley Horticulture Hub (ASR District),2309,24.6,Araku Valley Horticulture Hub (ASR District),2024-03-19,19.2,24.5,28.8,Andhra Pradesh Marketing Dept / Agmarknet,Grade A cauliflower batch from FARM_008
CF0442,CF0442.jpg,FARM_002,2024-03-17,Ongole APMC Market (Prakasam),1125,24.6,Ongole APMC Market (Prakasam),2024-03-17,22.5,28.0,34.5,Andhra Pradesh Marketing Dept / Agmarknet,Grade C cauliflower batch from FARM_002
CF0443,CF0443.jpg,FARM_009,2024-03-13,Vijayawada Gollapudi APMC (NTR / Krishna),1063,35.4,Vijayawada Gollapudi APMC (NTR / Krishna),2024-03-13,28.3,32.4,37.5,Andhra Pradesh Marketing Dept / Agmarknet,Grade A cauliflower batch from FARM_009
CF0444,CF0444.jpg,FARM_001,2024-01-27,Chittoor Town APMC Market,1775,30.2,Chittoor Town APMC Market,2024-01-27,20.9,26.5,32.4,Andhra Pradesh Marketing Dept / Agmarknet,Grade A cauliflower batch from FARM_001
CF0445,CF0445.jpg,FARM_023,2024-03-14,Madanapalle Mandi (Annamayya / Chittoor),2387,32.9,Madanapalle Mandi (Annamayya / Chittoor),2024-03-14,24.9,29.0,35.6,Andhra Pradesh Marketing Dept / Agmarknet,Grade A cauliflower batch from FARM_023
CF0446,CF0446.jpg,FARM_016,2024-03-09,Guntur APMC Market (Guntur),1561,28.6,Guntur APMC Market (Guntur),2024-03-09,20.9,25.0,29.3,Andhra Pradesh Marketing Dept / Agmarknet,Grade A cauliflower batch from FARM_016
CF0447,CF0447.jpg,FARM_038,2024-02-13,Adoni Vegetable APMC,292,18.8,Adoni Vegetable APMC,2024-02-13,16.4,22.3,26.9,Andhra Pradesh Marketing Dept / Agmarknet,Grade B cauliflower batch from FARM_038
CF0448,CF0448.jpg,FARM_021,2024-02-03,Araku Valley Horticulture Hub (ASR District),987,22.0,Araku Valley Horticulture Hub (ASR District),2024-02-03,24.9,29.3,33.4,Andhra Pradesh Marketing Dept / Agmarknet,Grade C cauliflower batch from FARM_021
CF0449,CF0449.jpg,FARM_002,2024-01-24,Proddatur Vegetable Market,2039,22.9,Proddatur Vegetable Market,2024-01-24,22.6,27.0,33.1,Andhra Pradesh Marketing Dept / Agmarknet,Grade C cauliflower batch from FARM_002
CF0450,CF0450.jpg,FARM_012,2024-02-21,Allagadda Rythu Bazar,1744,27.7,Allagadda Rythu Bazar,2024-02-21,20.3,25.8,31.1,Andhra Pradesh Marketing Dept / Agmarknet,Grade A cauliflower batch from FARM_012
CF0451,CF0451.jpg,FARM_017,2024-01-30,Amadalavalasa Vegetable Market,2140,28.4,Amadalavalasa Vegetable Market,2024-01-30,22.5,28.0,32.1,Andhra Pradesh Marketing Dept / Agmarknet,Grade B cauliflower batch from FARM_017
CF0452,CF0452.jpg,FARM_004,2024-03-08,Markapur Vegetable Mandi,276,29.1,Markapur Vegetable Mandi,2024-03-08,20.2,25.6,29.9,Andhra Pradesh Marketing Dept / Agmarknet,Grade A cauliflower batch from FARM_004
CF0453,CF0453.jpg,FARM_009,2024-02-11,Tadepalligudem Vegetable Market,182,29.8,Tadepalligudem Vegetable Market,2024-02-11,22.4,27.7,32.8,Andhra Pradesh Marketing Dept / Agmarknet,Grade A cauliflower batch from FARM_009
CF0454,CF0454.jpg,FARM_027,2024-02-02,Parvathipuram APMC Market,1882,29.4,Parvathipuram APMC Market,2024-02-02,19.6,24.0,30.0,Andhra Pradesh Marketing Dept / Agmarknet,Grade A cauliflower batch from FARM_027
CF0455,CF0455.jpg,FARM_034,2024-01-11,Ongole APMC Market (Prakasam),382,24.6,Ongole APMC Market (Prakasam),2024-01-11,19.7,24.8,31.1,Andhra Pradesh Marketing Dept / Agmarknet,Grade B cauliflower batch from FARM_034
CF0456,CF0456.jpg,FARM_008,2024-02-22,Tadepalligudem Vegetable Market,1268,24.9,Tadepalligudem Vegetable Market,2024-02-22,21.1,26.3,30.4,Andhra Pradesh Marketing Dept / Agmarknet,Grade C cauliflower batch from FARM_008
CF0457,CF0457.jpg,FARM_005,2024-02-16,Madanapalle Mandi (Annamayya / Chittoor),1220,26.4,Madanapalle Mandi (Annamayya / Chittoor),2024-02-16,20.8,26.7,31.8,Andhra Pradesh Marketing Dept / Agmarknet,Grade A cauliflower batch from FARM_005
CF0458,CF0458.jpg,FARM_031,2024-03-22,Kurnool APMC Market (C-Camp),548,25.9,Kurnool APMC Market (C-Camp),2024-03-22,20.4,25.6,29.7,Andhra Pradesh Marketing Dept / Agmarknet,Grade A cauliflower batch from FARM_031
CF0459,CF0459.jpg,FARM_029,2024-02-03,Kuppam Horticulture Mandi,2207,32.9,Kuppam Horticulture Mandi,2024-02-03,23.6,28.4,35.1,Andhra Pradesh Marketing Dept / Agmarknet,Grade A cauliflower batch from FARM_029
CF0460,CF0460.jpg,FARM_024,2024-02-01,Bobbili Vegetable Market,2063,30.0,Bobbili Vegetable Market,2024-02-01,21.7,26.7,31.5,Andhra Pradesh Marketing Dept / Agmarknet,Grade A cauliflower batch from FARM_024
CF0461,CF0461.jpg,FARM_033,2024-03-01,Nandyal APMC Market,1696,28.6,Nandyal APMC Market,2024-03-01,20.8,26.2,31.2,Andhra Pradesh Marketing Dept / Agmarknet,Grade A cauliflower batch from FARM_033
CF0462,CF0462.jpg,FARM_038,2024-03-04,Bhimavaram APMC Market,2476,29.8,Bhimavaram APMC Market,2024-03-04,25.9,30.5,35.6,Andhra Pradesh Marketing Dept / Agmarknet,Grade B cauliflower batch from FARM_038
CF0463,CF0463.jpg,FARM_007,2024-03-15,Chittoor Town APMC Market,1000,23.8,Chittoor Town APMC Market,2024-03-15,21.6,26.8,32.3,Andhra Pradesh Marketing Dept / Agmarknet,Grade C cauliflower batch from FARM_007
CF0464,CF0464.jpg,FARM_029,2024-02-20,Narasaraopet APMC Market,1475,27.2,Narasaraopet APMC Market,2024-02-20,20.5,25.6,31.9,Andhra Pradesh Marketing Dept / Agmarknet,Grade A cauliflower batch from FARM_029
CF0465,CF0465.jpg,FARM_033,2024-01-21,Jangareddygudem Market,1552,27.4,Jangareddygudem Market,2024-01-21,21.2,25.3,29.8,Andhra Pradesh Marketing Dept / Agmarknet,Grade A cauliflower batch from FARM_033
CF0466,CF0466.jpg,FARM_015,2024-03-01,Tadepalligudem Vegetable Market,1782,32.4,Tadepalligudem Vegetable Market,2024-03-01,24.8,30.2,35.0,Andhra Pradesh Marketing Dept / Agmarknet,Grade A cauliflower batch from FARM_015
CF0467,CF0467.jpg,FARM_040,2024-01-22,Nandyal APMC Market,166,21.7,Nandyal APMC Market,2024-01-22,18.2,23.9,29.4,Andhra Pradesh Marketing Dept / Agmarknet,Grade C cauliflower batch from FARM_040
CF0468,CF0468.jpg,FARM_003,2024-02-02,Ongole APMC Market (Prakasam),1360,22.0,Ongole APMC Market (Prakasam),2024-02-02,23.0,27.3,34.0,Andhra Pradesh Marketing Dept / Agmarknet,Grade C cauliflower batch from FARM_003
CF0469,CF0469.jpg,FARM_034,2024-01-27,Adoni Vegetable APMC,1985,21.0,Adoni Vegetable APMC,2024-01-27,17.7,22.6,27.3,Andhra Pradesh Marketing Dept / Agmarknet,Grade B cauliflower batch from FARM_034
CF0470,CF0470.jpg,FARM_020,2024-03-11,Chittoor Town APMC Market,1822,29.5,Chittoor Town APMC Market,2024-03-11,23.4,27.4,33.8,Andhra Pradesh Marketing Dept / Agmarknet,Grade A cauliflower batch from FARM_020
CF0471,CF0471.jpg,FARM_030,2024-02-20,Machilipatnam APMC Market,872,33.4,Machilipatnam APMC Market,2024-02-20,23.4,28.5,33.1,Andhra Pradesh Marketing Dept / Agmarknet,Grade A cauliflower batch from FARM_030
CF0472,CF0472.jpg,FARM_002,2024-02-10,Narasaraopet APMC Market,2195,25.9,Narasaraopet APMC Market,2024-02-10,20.2,25.1,31.3,Andhra Pradesh Marketing Dept / Agmarknet,Grade A cauliflower batch from FARM_002
CF0473,CF0473.jpg,FARM_004,2024-01-10,Chittoor Town APMC Market,1864,32.4,Chittoor Town APMC Market,2024-01-10,23.1,27.9,33.2,Andhra Pradesh Marketing Dept / Agmarknet,Grade A cauliflower batch from FARM_004
CF0474,CF0474.jpg,FARM_031,2024-02-12,Tenali Vegetable Rythu Bazar,2455,35.5,Tenali Vegetable Rythu Bazar,2024-02-12,24.9,30.8,36.1,Andhra Pradesh Marketing Dept / Agmarknet,Grade A cauliflower batch from FARM_031
CF0475,CF0475.jpg,FARM_026,2024-02-28,Hindupur APMC Market,543,25.5,Hindupur APMC Market,2024-02-28,18.9,24.5,29.4,Andhra Pradesh Marketing Dept / Agmarknet,Grade A cauliflower batch from FARM_026
CF0476,CF0476.jpg,FARM_028,2024-02-09,Vizianagaram APMC Market,488,32.6,Vizianagaram APMC Market,2024-02-09,23.1,27.5,33.1,Andhra Pradesh Marketing Dept / Agmarknet,Grade A cauliflower batch from FARM_028
CF0477,CF0477.jpg,FARM_007,2024-03-07,Kadapa APMC Mandi,1797,26.7,Kadapa APMC Mandi,2024-03-07,20.9,25.8,30.3,Andhra Pradesh Marketing Dept / Agmarknet,Grade A cauliflower batch from FARM_007
CF0478,CF0478.jpg,FARM_032,2024-02-13,Anakapalle APMC Yard,238,27.7,Anakapalle APMC Yard,2024-02-13,26.1,30.4,37.3,Andhra Pradesh Marketing Dept / Agmarknet,Grade B cauliflower batch from FARM_032
CF0479,CF0479.jpg,FARM_029,2024-02-21,Srikalahasti APMC Market,1783,30.9,Srikalahasti APMC Market,2024-02-21,23.9,28.5,32.6,Andhra Pradesh Marketing Dept / Agmarknet,Grade A cauliflower batch from FARM_029
CF0480,CF0480.jpg,FARM_005,2024-02-17,Tenali Vegetable Rythu Bazar,1656,32.5,Tenali Vegetable Rythu Bazar,2024-02-17,21.8,26.4,30.6,Andhra Pradesh Marketing Dept / Agmarknet,Grade A cauliflower batch from FARM_005
CF0481,CF0481.jpg,FARM_006,2024-03-24,Tadepalligudem Vegetable Market,1683,31.0,Tadepalligudem Vegetable Market,2024-03-24,24.9,30.0,35.4,Andhra Pradesh Marketing Dept / Agmarknet,Grade A cauliflower batch from FARM_006
CF0482,CF0482.jpg,FARM_021,2024-03-23,Chirala Vegetable Market,2408,33.9,Chirala Vegetable Market,2024-03-23,22.1,28.0,33.4,Andhra Pradesh Marketing Dept / Agmarknet,Grade A cauliflower batch from FARM_021
CF0483,CF0483.jpg,FARM_039,2024-01-11,Gajuwaka Industrial Rythu Bazar,1444,36.5,Gajuwaka Industrial Rythu Bazar,2024-01-11,27.3,31.6,37.9,Andhra Pradesh Marketing Dept / Agmarknet,Grade A cauliflower batch from FARM_039
CF0484,CF0484.jpg,FARM_010,2024-02-12,Amadalavalasa Vegetable Market,823,31.5,Amadalavalasa Vegetable Market,2024-02-12,23.5,27.5,31.8,Andhra Pradesh Marketing Dept / Agmarknet,Grade A cauliflower batch from FARM_010
CF0485,CF0485.jpg,FARM_005,2024-02-25,Nandyal APMC Market,2490,27.8,Nandyal APMC Market,2024-02-25,22.3,27.0,33.8,Andhra Pradesh Marketing Dept / Agmarknet,Grade A cauliflower batch from FARM_005
CF0486,CF0486.jpg,FARM_009,2024-02-09,Kadapa APMC Mandi,392,25.1,Kadapa APMC Mandi,2024-02-09,19.8,25.3,29.4,Andhra Pradesh Marketing Dept / Agmarknet,Grade B cauliflower batch from FARM_009
CF0487,CF0487.jpg,FARM_018,2024-01-17,Allagadda Rythu Bazar,1403,22.2,Allagadda Rythu Bazar,2024-01-17,19.4,25.1,29.2,Andhra Pradesh Marketing Dept / Agmarknet,Grade C cauliflower batch from FARM_018
CF0488,CF0488.jpg,FARM_040,2024-01-25,Anantapur APMC Mandi,569,17.0,Anantapur APMC Mandi,2024-01-25,17.5,23.0,29.4,Andhra Pradesh Marketing Dept / Agmarknet,Grade C cauliflower batch from FARM_040
CF0489,CF0489.jpg,FARM_038,2024-03-09,Chirala Vegetable Market,1344,24.2,Chirala Vegetable Market,2024-03-09,25.6,30.4,34.6,Andhra Pradesh Marketing Dept / Agmarknet,Grade C cauliflower batch from FARM_038
CF0490,CF0490.jpg,FARM_036,2024-02-18,Rayachoti Vegetable Market,1346,25.0,Rayachoti Vegetable Market,2024-02-18,19.9,25.2,31.0,Andhra Pradesh Marketing Dept / Agmarknet,Grade B cauliflower batch from FARM_036
CF0491,CF0491.jpg,FARM_021,2024-01-30,Anantapur APMC Mandi,1519,28.2,Anantapur APMC Mandi,2024-01-30,16.4,22.2,28.5,Andhra Pradesh Marketing Dept / Agmarknet,Grade A cauliflower batch from FARM_021
CF0492,CF0492.jpg,FARM_025,2024-03-01,Amadalavalasa Vegetable Market,2195,27.2,Amadalavalasa Vegetable Market,2024-03-01,19.6,24.1,29.3,Andhra Pradesh Marketing Dept / Agmarknet,Grade A cauliflower batch from FARM_025
CF0493,CF0493.jpg,FARM_039,2024-03-14,Guntur APMC Market (Guntur),1896,28.4,Guntur APMC Market (Guntur),2024-03-14,23.2,28.0,32.4,Andhra Pradesh Marketing Dept / Agmarknet,Grade A cauliflower batch from FARM_039
CF0494,CF0494.jpg,FARM_034,2024-02-18,Chirala Vegetable Market,2252,33.4,Chirala Vegetable Market,2024-02-18,25.4,30.5,35.7,Andhra Pradesh Marketing Dept / Agmarknet,Grade B cauliflower batch from FARM_034
CF0495,CF0495.jpg,FARM_019,2024-01-25,Anakapalle APMC Yard,2427,29.7,Anakapalle APMC Yard,2024-01-25,27.8,32.9,38.5,Andhra Pradesh Marketing Dept / Agmarknet,Grade C cauliflower batch from FARM_019
CF0496,CF0496.jpg,FARM_030,2024-02-16,Amadalavalasa Vegetable Market,1512,30.0,Amadalavalasa Vegetable Market,2024-02-16,21.9,27.1,32.0,Andhra Pradesh Marketing Dept / Agmarknet,Grade A cauliflower batch from FARM_030
CF0497,CF0497.jpg,FARM_033,2024-02-26,Kadapa APMC Mandi,1433,27.7,Kadapa APMC Mandi,2024-02-26,18.6,24.3,30.9,Andhra Pradesh Marketing Dept / Agmarknet,Grade A cauliflower batch from FARM_033
CF0498,CF0498.jpg,FARM_039,2024-02-07,Vijayawada Gollapudi APMC (NTR / Krishna),1500,39.4,Vijayawada Gollapudi APMC (NTR / Krishna),2024-02-07,30.1,34.3,38.4,Andhra Pradesh Marketing Dept / Agmarknet,Grade A cauliflower batch from FARM_039
CF0499,CF0499.jpg,FARM_028,2024-02-07,Allagadda Rythu Bazar,865,19.4,Allagadda Rythu Bazar,2024-02-07,15.1,20.9,26.2,Andhra Pradesh Marketing Dept / Agmarknet,Grade C cauliflower batch from FARM_028
CF0500,CF0500.jpg,FARM_007,2024-01-27,Bobbili Vegetable Market,389,29.3,Bobbili Vegetable Market,2024-01-27,22.0,26.3,30.5,Andhra Pradesh Marketing Dept / Agmarknet,Grade A cauliflower batch from FARM_007
CF0501,CF0501.jpg,FARM_008,2024-03-11,Srikalahasti APMC Market,2376,35.7,Srikalahasti APMC Market,2024-03-11,24.4,29.9,34.5,Andhra Pradesh Marketing Dept / Agmarknet,Grade A cauliflower batch from FARM_008
CF0502,CF0502.jpg,FARM_036,2024-01-29,Piduguralla Vegetable Mandi,2198,25.3,Piduguralla Vegetable Mandi,2024-01-29,19.5,24.3,30.6,Andhra Pradesh Marketing Dept / Agmarknet,Grade B cauliflower batch from FARM_036
CF0503,CF0503.jpg,FARM_014,2024-03-08,Chittoor Town APMC Market,1470,29.7,Chittoor Town APMC Market,2024-03-08,21.8,26.2,31.7,Andhra Pradesh Marketing Dept / Agmarknet,Grade A cauliflower batch from FARM_014
CF0504,CF0504.jpg,FARM_028,2024-02-26,Gudur Vegetable Market,286,36.7,Gudur Vegetable Market,2024-02-26,25.3,30.4,35.5,Andhra Pradesh Marketing Dept / Agmarknet,Grade A cauliflower batch from FARM_028
CF0505,CF0505.jpg,FARM_029,2024-03-03,Kadiri Vegetable Market,1059,25.3,Kadiri Vegetable Market,2024-03-03,21.2,25.2,29.9,Andhra Pradesh Marketing Dept / Agmarknet,Grade A cauliflower batch from FARM_029
CF0506,CF0506.jpg,FARM_015,2024-03-20,Dharmavaram Vegetable Market,718,25.8,Dharmavaram Vegetable Market,2024-03-20,22.3,27.8,31.9,Andhra Pradesh Marketing Dept / Agmarknet,Grade C cauliflower batch from FARM_015
CF0507,CF0507.jpg,FARM_027,2024-03-10,Nellore Vegetable Market (SPSR Nellore),1758,35.9,Nellore Vegetable Market (SPSR Nellore),2024-03-10,27.9,32.2,36.8,Andhra Pradesh Marketing Dept / Agmarknet,Grade A cauliflower batch from FARM_027
CF0508,CF0508.jpg,FARM_022,2024-03-18,Tenali Vegetable Rythu Bazar,761,32.2,Tenali Vegetable Rythu Bazar,2024-03-18,21.2,26.8,33.0,Andhra Pradesh Marketing Dept / Agmarknet,Grade A cauliflower batch from FARM_022
CF0509,CF0509.jpg,FARM_030,2024-02-06,Machilipatnam APMC Market,1395,36.0,Machilipatnam APMC Market,2024-02-06,24.9,30.8,35.9,Andhra Pradesh Marketing Dept / Agmarknet,Grade A cauliflower batch from FARM_030
CF0510,CF0510.jpg,FARM_026,2024-02-10,Kadiri Vegetable Market,1008,25.3,Kadiri Vegetable Market,2024-02-10,19.0,23.7,28.6,Andhra Pradesh Marketing Dept / Agmarknet,Grade A cauliflower batch from FARM_026
CF0511,CF0511.jpg,FARM_027,2024-01-20,Kadiri Vegetable Market,844,29.0,Kadiri Vegetable Market,2024-01-20,20.9,25.8,32.5,Andhra Pradesh Marketing Dept / Agmarknet,Grade B cauliflower batch from FARM_027
CF0512,CF0512.jpg,FARM_007,2024-03-17,Rayachoti Vegetable Market,453,27.6,Rayachoti Vegetable Market,2024-03-17,20.2,25.2,31.9,Andhra Pradesh Marketing Dept / Agmarknet,Grade A cauliflower batch from FARM_007
CF0513,CF0513.jpg,FARM_021,2024-03-07,Anakapalle APMC Yard,313,34.4,Anakapalle APMC Yard,2024-03-07,24.5,29.9,35.7,Andhra Pradesh Marketing Dept / Agmarknet,Grade A cauliflower batch from FARM_021
CF0514,CF0514.jpg,FARM_028,2024-03-17,Dharmavaram Vegetable Market,960,19.2,Dharmavaram Vegetable Market,2024-03-17,20.0,24.3,29.7,Andhra Pradesh Marketing Dept / Agmarknet,Grade C cauliflower batch from FARM_028
CF0515,CF0515.jpg,FARM_021,2024-02-25,Bapatla APMC Market,582,28.2,Bapatla APMC Market,2024-02-25,23.9,28.8,32.9,Andhra Pradesh Marketing Dept / Agmarknet,Grade A cauliflower batch from FARM_021
CF0516,CF0516.jpg,FARM_017,2024-01-19,Guntur APMC Market (Guntur),1144,30.2,Guntur APMC Market (Guntur),2024-01-19,24.2,28.4,33.8,Andhra Pradesh Marketing Dept / Agmarknet,Grade B cauliflower batch from FARM_017
CF0517,CF0517.jpg,FARM_024,2024-03-22,Vijayawada Gollapudi APMC (NTR / Krishna),1851,25.9,Vijayawada Gollapudi APMC (NTR / Krishna),2024-03-22,25.4,31.3,38.1,Andhra Pradesh Marketing Dept / Agmarknet,Grade C cauliflower batch from FARM_024
CF0518,CF0518.jpg,FARM_010,2024-01-24,Kuppam Horticulture Mandi,1853,26.2,Kuppam Horticulture Mandi,2024-01-24,23.1,27.7,31.8,Andhra Pradesh Marketing Dept / Agmarknet,Grade C cauliflower batch from FARM_010
CF0519,CF0519.jpg,FARM_031,2024-01-17,Vijayawada Gollapudi APMC (NTR / Krishna),1094,34.5,Vijayawada Gollapudi APMC (NTR / Krishna),2024-01-17,25.1,30.8,37.3,Andhra Pradesh Marketing Dept / Agmarknet,Grade A cauliflower batch from FARM_031
CF0520,CF0520.jpg,FARM_005,2024-03-20,Tenali Vegetable Rythu Bazar,1937,32.2,Tenali Vegetable Rythu Bazar,2024-03-20,23.9,29.5,35.9,Andhra Pradesh Marketing Dept / Agmarknet,Grade A cauliflower batch from FARM_005
CF0521,CF0521.jpg,FARM_006,2024-03-14,Paderu Agency Market,2309,32.5,Paderu Agency Market,2024-03-14,22.0,27.1,33.9,Andhra Pradesh Marketing Dept / Agmarknet,Grade A cauliflower batch from FARM_006
CF0522,CF0522.jpg,FARM_006,2024-02-04,Kakinada Main Rythu Bazar,783,33.1,Kakinada Main Rythu Bazar,2024-02-04,27.5,32.1,38.8,Andhra Pradesh Marketing Dept / Agmarknet,Grade B cauliflower batch from FARM_006
CF0523,CF0523.jpg,FARM_006,2024-03-23,Bapatla APMC Market,2260,29.7,Bapatla APMC Market,2024-03-23,23.1,27.3,31.5,Andhra Pradesh Marketing Dept / Agmarknet,Grade A cauliflower batch from FARM_006
CF0524,CF0524.jpg,FARM_028,2024-03-18,Vizianagaram APMC Market,1285,32.8,Vizianagaram APMC Market,2024-03-18,23.9,29.1,33.8,Andhra Pradesh Marketing Dept / Agmarknet,Grade A cauliflower batch from FARM_028
CF0525,CF0525.jpg,FARM_007,2024-01-29,Bhimavaram APMC Market,482,33.6,Bhimavaram APMC Market,2024-01-29,25.2,31.1,35.7,Andhra Pradesh Marketing Dept / Agmarknet,Grade B cauliflower batch from FARM_007
CF0526,CF0526.jpg,FARM_024,2024-01-31,Guntur APMC Market (Guntur),1851,33.2,Guntur APMC Market (Guntur),2024-01-31,26.0,30.4,34.4,Andhra Pradesh Marketing Dept / Agmarknet,Grade A cauliflower batch from FARM_024
CF0527,CF0527.jpg,FARM_009,2024-02-20,Rayachoti Vegetable Market,1544,25.3,Rayachoti Vegetable Market,2024-02-20,18.7,24.7,31.4,Andhra Pradesh Marketing Dept / Agmarknet,Grade A cauliflower batch from FARM_009
CF0528,CF0528.jpg,FARM_036,2024-03-16,Kurnool APMC Market (C-Camp),857,20.5,Kurnool APMC Market (C-Camp),2024-03-16,20.0,24.3,29.6,Andhra Pradesh Marketing Dept / Agmarknet,Grade C cauliflower batch from FARM_036
CF0529,CF0529.jpg,FARM_004,2024-03-06,Proddatur Vegetable Market,1018,27.3,Proddatur Vegetable Market,2024-03-06,21.6,25.9,32.4,Andhra Pradesh Marketing Dept / Agmarknet,Grade A cauliflower batch from FARM_004
CF0530,CF0530.jpg,FARM_038,2024-01-24,Anantapur APMC Mandi,2465,25.7,Anantapur APMC Mandi,2024-01-24,18.7,24.0,28.5,Andhra Pradesh Marketing Dept / Agmarknet,Grade A cauliflower batch from FARM_038
CF0531,CF0531.jpg,FARM_036,2024-02-05,Jangareddygudem Market,1501,28.7,Jangareddygudem Market,2024-02-05,21.0,25.2,31.4,Andhra Pradesh Marketing Dept / Agmarknet,Grade A cauliflower batch from FARM_036
CF0532,CF0532.jpg,FARM_036,2024-03-24,Proddatur Vegetable Market,2354,26.4,Proddatur Vegetable Market,2024-03-24,21.8,25.9,32.9,Andhra Pradesh Marketing Dept / Agmarknet,Grade B cauliflower batch from FARM_036
CF0533,CF0533.jpg,FARM_022,2024-03-12,Chittoor Town APMC Market,383,34.0,Chittoor Town APMC Market,2024-03-12,22.9,27.3,34.0,Andhra Pradesh Marketing Dept / Agmarknet,Grade A cauliflower batch from FARM_022
CF0534,CF0534.jpg,FARM_008,2024-01-21,Srikalahasti APMC Market,570,27.7,Srikalahasti APMC Market,2024-01-21,24.1,29.5,33.7,Andhra Pradesh Marketing Dept / Agmarknet,Grade C cauliflower batch from FARM_008
CF0535,CF0535.jpg,FARM_027,2024-03-15,Visakhapatnam MVP Rythu Bazar (Visakhapatnam),1210,34.2,Visakhapatnam MVP Rythu Bazar (Visakhapatnam),2024-03-15,28.5,32.7,38.4,Andhra Pradesh Marketing Dept / Agmarknet,Grade A cauliflower batch from FARM_027
CF0536,CF0536.jpg,FARM_023,2024-03-07,Ongole APMC Market (Prakasam),1987,24.5,Ongole APMC Market (Prakasam),2024-03-07,20.6,26.3,30.9,Andhra Pradesh Marketing Dept / Agmarknet,Grade B cauliflower batch from FARM_023
CF0537,CF0537.jpg,FARM_028,2024-01-17,Tenali Vegetable Rythu Bazar,559,26.9,Tenali Vegetable Rythu Bazar,2024-01-17,21.6,26.1,32.0,Andhra Pradesh Marketing Dept / Agmarknet,Grade A cauliflower batch from FARM_028
CF0538,CF0538.jpg,FARM_004,2024-03-08,Srikakulam APMC Market Yard,1966,30.4,Srikakulam APMC Market Yard,2024-03-08,21.7,27.2,33.5,Andhra Pradesh Marketing Dept / Agmarknet,Grade A cauliflower batch from FARM_004
CF0539,CF0539.jpg,FARM_019,2024-01-26,Gudivada Vegetable Market,2171,37.1,Gudivada Vegetable Market,2024-01-26,25.0,30.9,35.0,Andhra Pradesh Marketing Dept / Agmarknet,Grade A cauliflower batch from FARM_019
CF0540,CF0540.jpg,FARM_039,2024-03-15,Ongole APMC Market (Prakasam),1496,28.2,Ongole APMC Market (Prakasam),2024-03-15,21.9,26.7,31.2,Andhra Pradesh Marketing Dept / Agmarknet,Grade A cauliflower batch from FARM_039
CF0541,CF0541.jpg,FARM_020,2024-03-03,Visakhapatnam MVP Rythu Bazar (Visakhapatnam),2264,34.6,Visakhapatnam MVP Rythu Bazar (Visakhapatnam),2024-03-03,27.6,32.5,37.8,Andhra Pradesh Marketing Dept / Agmarknet,Grade A cauliflower batch from FARM_020
CF0542,CF0542.jpg,FARM_023,2024-03-08,Kakinada Main Rythu Bazar,2294,35.2,Kakinada Main Rythu Bazar,2024-03-08,27.7,32.6,38.2,Andhra Pradesh Marketing Dept / Agmarknet,Grade A cauliflower batch from FARM_023
CF0543,CF0543.jpg,FARM_007,2024-03-22,Kurnool APMC Market (C-Camp),1602,25.6,Kurnool APMC Market (C-Camp),2024-03-22,22.2,26.7,32.6,Andhra Pradesh Marketing Dept / Agmarknet,Grade C cauliflower batch from FARM_007
CF0544,CF0544.jpg,FARM_037,2024-01-17,Piduguralla Vegetable Mandi,869,21.3,Piduguralla Vegetable Mandi,2024-01-17,22.0,26.4,31.3,Andhra Pradesh Marketing Dept / Agmarknet,Grade C cauliflower batch from FARM_037
CF0545,CF0545.jpg,FARM_033,2024-03-21,Eluru APMC Market,2198,29.4,Eluru APMC Market,2024-03-21,25.5,31.0,35.5,Andhra Pradesh Marketing Dept / Agmarknet,Grade C cauliflower batch from FARM_033
CF0546,CF0546.jpg,FARM_014,2024-03-09,Dharmavaram Vegetable Market,1683,20.1,Dharmavaram Vegetable Market,2024-03-09,19.1,25.1,30.8,Andhra Pradesh Marketing Dept / Agmarknet,Grade C cauliflower batch from FARM_014
CF0547,CF0547.jpg,FARM_010,2024-02-18,Proddatur Vegetable Market,772,27.1,Proddatur Vegetable Market,2024-02-18,26.0,30.1,36.3,Andhra Pradesh Marketing Dept / Agmarknet,Grade C cauliflower batch from FARM_010
CF0548,CF0548.jpg,FARM_031,2024-01-12,Chittoor Town APMC Market,638,20.9,Chittoor Town APMC Market,2024-01-12,20.1,24.5,29.5,Andhra Pradesh Marketing Dept / Agmarknet,Grade C cauliflower batch from FARM_031
CF0549,CF0549.jpg,FARM_015,2024-02-29,Parvathipuram APMC Market,2107,24.5,Parvathipuram APMC Market,2024-02-29,20.9,25.3,32.1,Andhra Pradesh Marketing Dept / Agmarknet,Grade C cauliflower batch from FARM_015
CF0550,CF0550.jpg,FARM_007,2024-02-11,Ongole APMC Market (Prakasam),2471,26.7,Ongole APMC Market (Prakasam),2024-02-11,21.5,25.8,30.3,Andhra Pradesh Marketing Dept / Agmarknet,Grade A cauliflower batch from FARM_007
CF0551,CF0551.jpg,FARM_023,2024-01-10,Madanapalle Mandi (Annamayya / Chittoor),373,32.5,Madanapalle Mandi (Annamayya / Chittoor),2024-01-10,22.2,27.1,32.4,Andhra Pradesh Marketing Dept / Agmarknet,Grade A cauliflower batch from FARM_023
CF0552,CF0552.jpg,FARM_036,2024-02-06,Amalapuram APMC Yard,1405,33.9,Amalapuram APMC Yard,2024-02-06,26.3,30.6,37.1,Andhra Pradesh Marketing Dept / Agmarknet,Grade A cauliflower batch from FARM_036
CF0553,CF0553.jpg,FARM_024,2024-03-24,Bhimavaram APMC Market,1066,34.2,Bhimavaram APMC Market,2024-03-24,25.3,30.3,36.8,Andhra Pradesh Marketing Dept / Agmarknet,Grade A cauliflower batch from FARM_024
CF0554,CF0554.jpg,FARM_008,2024-01-19,Vizianagaram APMC Market,734,26.0,Vizianagaram APMC Market,2024-01-19,20.9,25.1,30.0,Andhra Pradesh Marketing Dept / Agmarknet,Grade B cauliflower batch from FARM_008
CF0555,CF0555.jpg,FARM_018,2024-01-15,Srikakulam APMC Market Yard,1692,24.7,Srikakulam APMC Market Yard,2024-01-15,22.7,28.4,34.7,Andhra Pradesh Marketing Dept / Agmarknet,Grade C cauliflower batch from FARM_018
CF0556,CF0556.jpg,FARM_037,2024-03-04,Amadalavalasa Vegetable Market,1313,28.3,Amadalavalasa Vegetable Market,2024-03-04,19.1,24.8,30.8,Andhra Pradesh Marketing Dept / Agmarknet,Grade A cauliflower batch from FARM_037
CF0557,CF0557.jpg,FARM_015,2024-02-23,Amadalavalasa Vegetable Market,339,27.4,Amadalavalasa Vegetable Market,2024-02-23,21.8,27.2,31.6,Andhra Pradesh Marketing Dept / Agmarknet,Grade A cauliflower batch from FARM_015
CF0558,CF0558.jpg,FARM_028,2024-01-18,Anakapalle APMC Yard,746,24.6,Anakapalle APMC Yard,2024-01-18,22.6,27.0,33.0,Andhra Pradesh Marketing Dept / Agmarknet,Grade C cauliflower batch from FARM_028
CF0559,CF0559.jpg,FARM_036,2024-03-19,Dharmavaram Vegetable Market,291,27.3,Dharmavaram Vegetable Market,2024-03-19,18.7,23.2,28.4,Andhra Pradesh Marketing Dept / Agmarknet,Grade A cauliflower batch from FARM_036
CF0560,CF0560.jpg,FARM_040,2024-01-17,Narasaraopet APMC Market,156,27.6,Narasaraopet APMC Market,2024-01-17,19.1,24.9,31.8,Andhra Pradesh Marketing Dept / Agmarknet,Grade A cauliflower batch from FARM_040
CF0561,CF0561.jpg,FARM_040,2024-01-18,Ongole APMC Market (Prakasam),577,32.4,Ongole APMC Market (Prakasam),2024-01-18,23.6,28.7,33.4,Andhra Pradesh Marketing Dept / Agmarknet,Grade A cauliflower batch from FARM_040
CF0562,CF0562.jpg,FARM_036,2024-03-10,Kuppam Horticulture Mandi,1345,31.4,Kuppam Horticulture Mandi,2024-03-10,23.5,28.9,35.0,Andhra Pradesh Marketing Dept / Agmarknet,Grade A cauliflower batch from FARM_036
CF0563,CF0563.jpg,FARM_002,2024-01-14,Anakapalle APMC Yard,2053,25.4,Anakapalle APMC Yard,2024-01-14,24.9,29.6,35.2,Andhra Pradesh Marketing Dept / Agmarknet,Grade C cauliflower batch from FARM_002
CF0564,CF0564.jpg,FARM_039,2024-02-15,Guntur APMC Market (Guntur),689,28.1,Guntur APMC Market (Guntur),2024-02-15,22.0,27.3,32.5,Andhra Pradesh Marketing Dept / Agmarknet,Grade A cauliflower batch from FARM_039
CF0565,CF0565.jpg,FARM_018,2024-03-02,Gajuwaka Industrial Rythu Bazar,2105,35.4,Gajuwaka Industrial Rythu Bazar,2024-03-02,28.6,32.8,39.4,Andhra Pradesh Marketing Dept / Agmarknet,Grade A cauliflower batch from FARM_018
CF0566,CF0566.jpg,FARM_002,2024-02-02,Gudivada Vegetable Market,1887,30.1,Gudivada Vegetable Market,2024-02-02,25.5,29.6,35.6,Andhra Pradesh Marketing Dept / Agmarknet,Grade A cauliflower batch from FARM_002
CF0567,CF0567.jpg,FARM_012,2024-01-27,Anakapalle APMC Yard,840,34.5,Anakapalle APMC Yard,2024-01-27,23.5,28.2,34.5,Andhra Pradesh Marketing Dept / Agmarknet,Grade A cauliflower batch from FARM_012
CF0568,CF0568.jpg,FARM_018,2024-03-03,Kurnool APMC Market (C-Camp),1763,28.7,Kurnool APMC Market (C-Camp),2024-03-03,18.8,24.5,30.9,Andhra Pradesh Marketing Dept / Agmarknet,Grade A cauliflower batch from FARM_018
CF0569,CF0569.jpg,FARM_020,2024-02-26,Srikakulam APMC Market Yard,2271,27.2,Srikakulam APMC Market Yard,2024-02-26,22.1,26.5,32.4,Andhra Pradesh Marketing Dept / Agmarknet,Grade B cauliflower batch from FARM_020
CF0570,CF0570.jpg,FARM_022,2024-02-27,Machilipatnam APMC Market,449,30.2,Machilipatnam APMC Market,2024-02-27,21.6,26.3,32.3,Andhra Pradesh Marketing Dept / Agmarknet,Grade A cauliflower batch from FARM_022
CF0571,CF0571.jpg,FARM_023,2024-03-07,Kakinada Main Rythu Bazar,2499,30.1,Kakinada Main Rythu Bazar,2024-03-07,26.7,30.8,36.5,Andhra Pradesh Marketing Dept / Agmarknet,Grade B cauliflower batch from FARM_023
CF0572,CF0572.jpg,FARM_001,2024-02-27,Machilipatnam APMC Market,1221,27.8,Machilipatnam APMC Market,2024-02-27,22.0,27.9,34.3,Andhra Pradesh Marketing Dept / Agmarknet,Grade B cauliflower batch from FARM_001
CF0573,CF0573.jpg,FARM_012,2024-02-27,Anakapalle APMC Yard,814,26.8,Anakapalle APMC Yard,2024-02-27,22.0,27.2,32.0,Andhra Pradesh Marketing Dept / Agmarknet,Grade B cauliflower batch from FARM_012
CF0574,CF0574.jpg,FARM_010,2024-01-20,Chirala Vegetable Market,434,25.6,Chirala Vegetable Market,2024-01-20,24.3,30.2,37.1,Andhra Pradesh Marketing Dept / Agmarknet,Grade C cauliflower batch from FARM_010
CF0575,CF0575.jpg,FARM_037,2024-03-19,Gudivada Vegetable Market,423,26.6,Gudivada Vegetable Market,2024-03-19,23.7,28.3,34.7,Andhra Pradesh Marketing Dept / Agmarknet,Grade C cauliflower batch from FARM_037
CF0576,CF0576.jpg,FARM_026,2024-01-27,Bapatla APMC Market,281,29.9,Bapatla APMC Market,2024-01-27,23.1,27.8,33.8,Andhra Pradesh Marketing Dept / Agmarknet,Grade A cauliflower batch from FARM_026
CF0577,CF0577.jpg,FARM_005,2024-02-23,Bobbili Vegetable Market,957,21.8,Bobbili Vegetable Market,2024-02-23,20.9,25.8,31.5,Andhra Pradesh Marketing Dept / Agmarknet,Grade C cauliflower batch from FARM_005
CF0578,CF0578.jpg,FARM_010,2024-01-25,Vijayawada Swaraj Maidan Rythu Bazar,1811,34.7,Vijayawada Swaraj Maidan Rythu Bazar,2024-01-25,25.6,30.6,37.2,Andhra Pradesh Marketing Dept / Agmarknet,Grade A cauliflower batch from FARM_010
CF0579,CF0579.jpg,FARM_002,2024-02-01,Tadepalligudem Vegetable Market,275,24.9,Tadepalligudem Vegetable Market,2024-02-01,23.8,28.8,33.6,Andhra Pradesh Marketing Dept / Agmarknet,Grade C cauliflower batch from FARM_002
CF0580,CF0580.jpg,FARM_006,2024-03-18,Adoni Vegetable APMC,1780,28.3,Adoni Vegetable APMC,2024-03-18,18.0,23.9,29.0,Andhra Pradesh Marketing Dept / Agmarknet,Grade A cauliflower batch from FARM_006
CF0581,CF0581.jpg,FARM_034,2024-02-29,Dharmavaram Vegetable Market,1190,24.6,Dharmavaram Vegetable Market,2024-02-29,21.6,27.3,33.5,Andhra Pradesh Marketing Dept / Agmarknet,Grade B cauliflower batch from FARM_034
CF0582,CF0582.jpg,FARM_014,2024-03-17,Chirala Vegetable Market,861,34.8,Chirala Vegetable Market,2024-03-17,24.9,30.7,37.6,Andhra Pradesh Marketing Dept / Agmarknet,Grade A cauliflower batch from FARM_014
CF0583,CF0583.jpg,FARM_025,2024-01-26,Anakapalle APMC Yard,2062,30.2,Anakapalle APMC Yard,2024-01-26,25.7,31.2,36.8,Andhra Pradesh Marketing Dept / Agmarknet,Grade B cauliflower batch from FARM_025
CF0584,CF0584.jpg,FARM_027,2024-02-07,Piduguralla Vegetable Mandi,448,22.3,Piduguralla Vegetable Mandi,2024-02-07,16.5,21.8,27.8,Andhra Pradesh Marketing Dept / Agmarknet,Grade A cauliflower batch from FARM_027
CF0585,CF0585.jpg,FARM_030,2024-01-10,Vizianagaram APMC Market,976,24.2,Vizianagaram APMC Market,2024-01-10,21.1,26.9,31.6,Andhra Pradesh Marketing Dept / Agmarknet,Grade C cauliflower batch from FARM_030
CF0586,CF0586.jpg,FARM_022,2024-01-12,Amadalavalasa Vegetable Market,777,20.2,Amadalavalasa Vegetable Market,2024-01-12,17.7,23.4,29.4,Andhra Pradesh Marketing Dept / Agmarknet,Grade C cauliflower batch from FARM_022
CF0587,CF0587.jpg,FARM_011,2024-02-17,Anantapur APMC Mandi,1497,26.1,Anantapur APMC Mandi,2024-02-17,20.6,25.2,31.5,Andhra Pradesh Marketing Dept / Agmarknet,Grade B cauliflower batch from FARM_011
CF0588,CF0588.jpg,FARM_024,2024-03-09,Gajuwaka Industrial Rythu Bazar,1519,28.3,Gajuwaka Industrial Rythu Bazar,2024-03-09,25.5,30.3,34.7,Andhra Pradesh Marketing Dept / Agmarknet,Grade B cauliflower batch from FARM_024
CF0589,CF0589.jpg,FARM_020,2024-03-19,Eluru APMC Market,1692,33.2,Eluru APMC Market,2024-03-19,21.6,27.5,32.9,Andhra Pradesh Marketing Dept / Agmarknet,Grade A cauliflower batch from FARM_020
CF0590,CF0590.jpg,FARM_021,2024-03-04,Machilipatnam APMC Market,1623,33.5,Machilipatnam APMC Market,2024-03-04,26.7,31.6,36.9,Andhra Pradesh Marketing Dept / Agmarknet,Grade A cauliflower batch from FARM_021
CF0591,CF0591.jpg,FARM_037,2024-03-18,Bapatla APMC Market,1746,22.5,Bapatla APMC Market,2024-03-18,21.6,26.3,31.0,Andhra Pradesh Marketing Dept / Agmarknet,Grade C cauliflower batch from FARM_037
CF0592,CF0592.jpg,FARM_039,2024-02-27,Tadepalligudem Vegetable Market,190,29.1,Tadepalligudem Vegetable Market,2024-02-27,19.8,25.5,31.7,Andhra Pradesh Marketing Dept / Agmarknet,Grade B cauliflower batch from FARM_039
CF0593,CF0593.jpg,FARM_006,2024-02-08,Madanapalle Mandi (Annamayya / Chittoor),1521,33.3,Madanapalle Mandi (Annamayya / Chittoor),2024-02-08,22.7,28.0,32.6,Andhra Pradesh Marketing Dept / Agmarknet,Grade A cauliflower batch from FARM_006
CF0594,CF0594.jpg,FARM_004,2024-02-10,Machilipatnam APMC Market,1912,32.6,Machilipatnam APMC Market,2024-02-10,23.1,28.3,32.7,Andhra Pradesh Marketing Dept / Agmarknet,Grade A cauliflower batch from FARM_004
CF0595,CF0595.jpg,FARM_010,2024-03-08,Vijayawada Swaraj Maidan Rythu Bazar,870,37.5,Vijayawada Swaraj Maidan Rythu Bazar,2024-03-08,28.4,33.2,37.6,Andhra Pradesh Marketing Dept / Agmarknet,Grade A cauliflower batch from FARM_010
CF0596,CF0596.jpg,FARM_011,2024-02-23,Hindupur APMC Market,1705,25.8,Hindupur APMC Market,2024-02-23,17.8,23.3,29.6,Andhra Pradesh Marketing Dept / Agmarknet,Grade A cauliflower batch from FARM_011
CF0597,CF0597.jpg,FARM_040,2024-01-29,Ongole APMC Market (Prakasam),1945,27.2,Ongole APMC Market (Prakasam),2024-01-29,23.2,27.3,33.8,Andhra Pradesh Marketing Dept / Agmarknet,Grade B cauliflower batch from FARM_040
CF0598,CF0598.jpg,FARM_004,2024-02-14,Jangareddygudem Market,1205,21.3,Jangareddygudem Market,2024-02-14,20.0,25.7,30.5,Andhra Pradesh Marketing Dept / Agmarknet,Grade C cauliflower batch from FARM_004
CF0599,CF0599.jpg,FARM_006,2024-02-03,Visakhapatnam MVP Rythu Bazar (Visakhapatnam),1573,37.3,Visakhapatnam MVP Rythu Bazar (Visakhapatnam),2024-02-03,29.3,33.5,39.9,Andhra Pradesh Marketing Dept / Agmarknet,Grade A cauliflower batch from FARM_006
CF0600,CF0600.jpg,FARM_018,2024-01-24,Paderu Agency Market,209,28.7,Paderu Agency Market,2024-01-24,20.3,25.5,32.3,Andhra Pradesh Marketing Dept / Agmarknet,Grade A cauliflower batch from FARM_018
CF0601,CF0601.jpg,FARM_029,2024-01-14,Gudivada Vegetable Market,1331,35.0,Gudivada Vegetable Market,2024-01-14,25.4,31.0,36.4,Andhra Pradesh Marketing Dept / Agmarknet,Grade A cauliflower batch from FARM_029
CF0602,CF0602.jpg,FARM_028,2024-03-03,Nellore Vegetable Market (SPSR Nellore),1068,30.4,Nellore Vegetable Market (SPSR Nellore),2024-03-03,21.6,27.5,32.4,Andhra Pradesh Marketing Dept / Agmarknet,Grade A cauliflower batch from FARM_028
CF0603,CF0603.jpg,FARM_032,2024-01-12,Markapur Vegetable Mandi,1378,27.2,Markapur Vegetable Mandi,2024-01-12,18.0,23.6,28.7,Andhra Pradesh Marketing Dept / Agmarknet,Grade A cauliflower batch from FARM_032
CF0604,CF0604.jpg,FARM_039,2024-02-09,Markapur Vegetable Mandi,426,31.8,Markapur Vegetable Mandi,2024-02-09,21.1,26.3,30.5,Andhra Pradesh Marketing Dept / Agmarknet,Grade A cauliflower batch from FARM_039
CF0605,CF0605.jpg,FARM_029,2024-02-05,Vizianagaram APMC Market,1867,23.0,Vizianagaram APMC Market,2024-02-05,20.8,25.9,31.6,Andhra Pradesh Marketing Dept / Agmarknet,Grade C cauliflower batch from FARM_029
CF0606,CF0606.jpg,FARM_027,2024-01-18,Hindupur APMC Market,1444,32.0,Hindupur APMC Market,2024-01-18,22.2,26.9,33.2,Andhra Pradesh Marketing Dept / Agmarknet,Grade A cauliflower batch from FARM_027
CF0607,CF0607.jpg,FARM_018,2024-01-22,Kakinada Main Rythu Bazar,1890,34.2,Kakinada Main Rythu Bazar,2024-01-22,26.1,31.9,37.4,Andhra Pradesh Marketing Dept / Agmarknet,Grade A cauliflower batch from FARM_018
CF0608,CF0608.jpg,FARM_014,2024-01-14,Gudur Vegetable Market,685,28.7,Gudur Vegetable Market,2024-01-14,22.3,27.2,33.2,Andhra Pradesh Marketing Dept / Agmarknet,Grade A cauliflower batch from FARM_014
CF0609,CF0609.jpg,FARM_033,2024-03-07,Amadalavalasa Vegetable Market,932,27.0,Amadalavalasa Vegetable Market,2024-03-07,19.1,24.7,30.7,Andhra Pradesh Marketing Dept / Agmarknet,Grade A cauliflower batch from FARM_033
CF0610,CF0610.jpg,FARM_008,2024-01-16,Allagadda Rythu Bazar,1334,23.3,Allagadda Rythu Bazar,2024-01-16,20.9,25.2,30.7,Andhra Pradesh Marketing Dept / Agmarknet,Grade C cauliflower batch from FARM_008
CF0611,CF0611.jpg,FARM_023,2024-02-10,Anakapalle APMC Yard,213,34.4,Anakapalle APMC Yard,2024-02-10,25.6,31.6,37.1,Andhra Pradesh Marketing Dept / Agmarknet,Grade A cauliflower batch from FARM_023
CF0612,CF0612.jpg,FARM_028,2024-01-15,Tirupati RC Road Rythu Bazar,1326,32.9,Tirupati RC Road Rythu Bazar,2024-01-15,24.9,30.2,36.8,Andhra Pradesh Marketing Dept / Agmarknet,Grade A cauliflower batch from FARM_028
CF0613,CF0613.jpg,FARM_008,2024-03-01,Vijayawada Swaraj Maidan Rythu Bazar,1654,33.8,Vijayawada Swaraj Maidan Rythu Bazar,2024-03-01,27.0,31.7,38.7,Andhra Pradesh Marketing Dept / Agmarknet,Grade A cauliflower batch from FARM_008
CF0614,CF0614.jpg,FARM_019,2024-03-06,Kakinada Main Rythu Bazar,960,32.7,Kakinada Main Rythu Bazar,2024-03-06,25.9,30.5,37.2,Andhra Pradesh Marketing Dept / Agmarknet,Grade A cauliflower batch from FARM_019
CF0615,CF0615.jpg,FARM_038,2024-02-08,Anakapalle APMC Yard,1375,30.3,Anakapalle APMC Yard,2024-02-08,23.3,29.3,35.0,Andhra Pradesh Marketing Dept / Agmarknet,Grade A cauliflower batch from FARM_038
CF0616,CF0616.jpg,FARM_032,2024-03-19,Araku Valley Horticulture Hub (ASR District),505,32.9,Araku Valley Horticulture Hub (ASR District),2024-03-19,22.3,27.3,33.5,Andhra Pradesh Marketing Dept / Agmarknet,Grade A cauliflower batch from FARM_032
CF0617,CF0617.jpg,FARM_034,2024-02-06,Gajuwaka Industrial Rythu Bazar,598,37.8,Gajuwaka Industrial Rythu Bazar,2024-02-06,29.3,34.4,39.2,Andhra Pradesh Marketing Dept / Agmarknet,Grade A cauliflower batch from FARM_034
CF0618,CF0618.jpg,FARM_020,2024-01-17,Guntur APMC Market (Guntur),684,25.6,Guntur APMC Market (Guntur),2024-01-17,22.9,28.6,34.1,Andhra Pradesh Marketing Dept / Agmarknet,Grade C cauliflower batch from FARM_020
CF0619,CF0619.jpg,FARM_003,2024-01-27,Tirupati RC Road Rythu Bazar,2151,26.1,Tirupati RC Road Rythu Bazar,2024-01-27,24.7,29.4,33.9,Andhra Pradesh Marketing Dept / Agmarknet,Grade C cauliflower batch from FARM_003
CF0620,CF0620.jpg,FARM_015,2024-03-14,Kadapa APMC Mandi,2336,21.9,Kadapa APMC Mandi,2024-03-14,22.5,27.5,32.6,Andhra Pradesh Marketing Dept / Agmarknet,Grade C cauliflower batch from FARM_015
CF0621,CF0621.jpg,FARM_026,2024-02-16,Vizianagaram APMC Market,1960,31.8,Vizianagaram APMC Market,2024-02-16,24.0,28.8,34.2,Andhra Pradesh Marketing Dept / Agmarknet,Grade A cauliflower batch from FARM_026
CF0622,CF0622.jpg,FARM_039,2024-02-08,Machilipatnam APMC Market,1642,27.1,Machilipatnam APMC Market,2024-02-08,24.1,28.4,34.3,Andhra Pradesh Marketing Dept / Agmarknet,Grade C cauliflower batch from FARM_039
CF0623,CF0623.jpg,FARM_004,2024-03-23,Kadiri Vegetable Market,401,26.4,Kadiri Vegetable Market,2024-03-23,18.6,23.9,30.2,Andhra Pradesh Marketing Dept / Agmarknet,Grade A cauliflower batch from FARM_004
CF0624,CF0624.jpg,FARM_001,2024-02-19,Dharmavaram Vegetable Market,591,23.1,Dharmavaram Vegetable Market,2024-02-19,23.2,27.5,33.5,Andhra Pradesh Marketing Dept / Agmarknet,Grade C cauliflower batch from FARM_001
CF0625,CF0625.jpg,FARM_014,2024-03-23,Nandyal APMC Market,734,27.5,Nandyal APMC Market,2024-03-23,21.5,25.7,31.8,Andhra Pradesh Marketing Dept / Agmarknet,Grade A cauliflower batch from FARM_014
CF0626,CF0626.jpg,FARM_020,2024-02-20,Rayachoti Vegetable Market,1261,26.2,Rayachoti Vegetable Market,2024-02-20,19.6,25.5,31.1,Andhra Pradesh Marketing Dept / Agmarknet,Grade A cauliflower batch from FARM_020
CF0627,CF0627.jpg,FARM_014,2024-02-09,Chittoor Town APMC Market,659,33.9,Chittoor Town APMC Market,2024-02-09,21.6,27.3,32.7,Andhra Pradesh Marketing Dept / Agmarknet,Grade A cauliflower batch from FARM_014
CF0628,CF0628.jpg,FARM_009,2024-02-17,Kadapa APMC Mandi,943,27.7,Kadapa APMC Mandi,2024-02-17,21.7,26.4,31.1,Andhra Pradesh Marketing Dept / Agmarknet,Grade B cauliflower batch from FARM_009
CF0629,CF0629.jpg,FARM_017,2024-01-28,Gudur Vegetable Market,725,32.4,Gudur Vegetable Market,2024-01-28,25.3,30.3,35.2,Andhra Pradesh Marketing Dept / Agmarknet,Grade A cauliflower batch from FARM_017
CF0630,CF0630.jpg,FARM_019,2024-03-16,Gajuwaka Industrial Rythu Bazar,620,31.6,Gajuwaka Industrial Rythu Bazar,2024-03-16,28.1,32.6,38.2,Andhra Pradesh Marketing Dept / Agmarknet,Grade B cauliflower batch from FARM_019
CF0631,CF0631.jpg,FARM_021,2024-02-07,Kuppam Horticulture Mandi,1091,21.7,Kuppam Horticulture Mandi,2024-02-07,19.8,25.3,31.5,Andhra Pradesh Marketing Dept / Agmarknet,Grade C cauliflower batch from FARM_021
CF0632,CF0632.jpg,FARM_008,2024-03-02,Nellore Vegetable Market (SPSR Nellore),414,28.6,Nellore Vegetable Market (SPSR Nellore),2024-03-02,24.7,29.5,36.1,Andhra Pradesh Marketing Dept / Agmarknet,Grade B cauliflower batch from FARM_008
CF0633,CF0633.jpg,FARM_001,2024-02-17,Chirala Vegetable Market,1941,36.2,Chirala Vegetable Market,2024-02-17,27.0,31.1,36.6,Andhra Pradesh Marketing Dept / Agmarknet,Grade A cauliflower batch from FARM_001
CF0634,CF0634.jpg,FARM_032,2024-02-14,Araku Valley Horticulture Hub (ASR District),1014,31.2,Araku Valley Horticulture Hub (ASR District),2024-02-14,24.0,29.9,34.5,Andhra Pradesh Marketing Dept / Agmarknet,Grade A cauliflower batch from FARM_032
CF0635,CF0635.jpg,FARM_028,2024-01-17,Eluru APMC Market,1574,28.8,Eluru APMC Market,2024-01-17,21.0,26.6,32.7,Andhra Pradesh Marketing Dept / Agmarknet,Grade A cauliflower batch from FARM_028
CF0636,CF0636.jpg,FARM_012,2024-03-21,Dharmavaram Vegetable Market,1722,28.4,Dharmavaram Vegetable Market,2024-03-21,19.3,23.4,27.6,Andhra Pradesh Marketing Dept / Agmarknet,Grade A cauliflower batch from FARM_012
CF0637,CF0637.jpg,FARM_009,2024-03-25,Parvathipuram APMC Market,2116,29.3,Parvathipuram APMC Market,2024-03-25,21.3,27.2,31.8,Andhra Pradesh Marketing Dept / Agmarknet,Grade B cauliflower batch from FARM_009
CF0638,CF0638.jpg,FARM_025,2024-02-01,Bobbili Vegetable Market,2131,27.1,Bobbili Vegetable Market,2024-02-01,18.2,23.1,30.0,Andhra Pradesh Marketing Dept / Agmarknet,Grade A cauliflower batch from FARM_025
CF0639,CF0639.jpg,FARM_035,2024-03-04,Piduguralla Vegetable Mandi,354,26.3,Piduguralla Vegetable Mandi,2024-03-04,16.2,21.2,26.1,Andhra Pradesh Marketing Dept / Agmarknet,Grade A cauliflower batch from FARM_035
CF0640,CF0640.jpg,FARM_015,2024-03-21,Rajahmundry APMC (East Godavari),789,30.6,Rajahmundry APMC (East Godavari),2024-03-21,24.6,29.4,34.4,Andhra Pradesh Marketing Dept / Agmarknet,Grade B cauliflower batch from FARM_015
CF0641,CF0641.jpg,FARM_033,2024-03-13,Bapatla APMC Market,953,24.6,Bapatla APMC Market,2024-03-13,23.3,28.0,32.9,Andhra Pradesh Marketing Dept / Agmarknet,Grade C cauliflower batch from FARM_033
CF0642,CF0642.jpg,FARM_036,2024-01-16,Kadapa APMC Mandi,2150,27.1,Kadapa APMC Mandi,2024-01-16,19.6,24.2,29.8,Andhra Pradesh Marketing Dept / Agmarknet,Grade A cauliflower batch from FARM_036
CF0643,CF0643.jpg,FARM_023,2024-02-23,Nandyal APMC Market,1555,31.1,Nandyal APMC Market,2024-02-23,19.8,24.8,29.4,Andhra Pradesh Marketing Dept / Agmarknet,Grade A cauliflower batch from FARM_023
CF0644,CF0644.jpg,FARM_005,2024-02-27,Paderu Agency Market,877,27.4,Paderu Agency Market,2024-02-27,18.6,24.2,30.6,Andhra Pradesh Marketing Dept / Agmarknet,Grade A cauliflower batch from FARM_005
CF0645,CF0645.jpg,FARM_026,2024-03-17,Bobbili Vegetable Market,592,30.7,Bobbili Vegetable Market,2024-03-17,24.2,29.2,34.5,Andhra Pradesh Marketing Dept / Agmarknet,Grade A cauliflower batch from FARM_026
CF0646,CF0646.jpg,FARM_003,2024-02-19,Madanapalle Mandi (Annamayya / Chittoor),1761,25.8,Madanapalle Mandi (Annamayya / Chittoor),2024-02-19,22.5,28.5,33.0,Andhra Pradesh Marketing Dept / Agmarknet,Grade C cauliflower batch from FARM_003
CF0647,CF0647.jpg,FARM_028,2024-03-03,Srikalahasti APMC Market,1125,30.6,Srikalahasti APMC Market,2024-03-03,22.4,28.1,32.3,Andhra Pradesh Marketing Dept / Agmarknet,Grade A cauliflower batch from FARM_028
CF0648,CF0648.jpg,FARM_002,2024-03-02,Ongole APMC Market (Prakasam),1244,31.0,Ongole APMC Market (Prakasam),2024-03-02,20.5,26.2,33.0,Andhra Pradesh Marketing Dept / Agmarknet,Grade A cauliflower batch from FARM_002
CF0649,CF0649.jpg,FARM_030,2024-01-29,Kadiri Vegetable Market,440,18.2,Kadiri Vegetable Market,2024-01-29,20.3,24.7,31.4,Andhra Pradesh Marketing Dept / Agmarknet,Grade C cauliflower batch from FARM_030
CF0650,CF0650.jpg,FARM_005,2024-02-17,Anantapur APMC Mandi,632,31.9,Anantapur APMC Mandi,2024-02-17,23.2,28.0,35.0,Andhra Pradesh Marketing Dept / Agmarknet,Grade A cauliflower batch from FARM_005
CF0651,CF0651.jpg,FARM_021,2024-02-27,Bobbili Vegetable Market,1143,30.8,Bobbili Vegetable Market,2024-02-27,22.9,27.8,31.9,Andhra Pradesh Marketing Dept / Agmarknet,Grade A cauliflower batch from FARM_021
CF0652,CF0652.jpg,FARM_037,2024-02-02,Amalapuram APMC Yard,1280,30.8,Amalapuram APMC Yard,2024-02-02,24.0,28.1,34.5,Andhra Pradesh Marketing Dept / Agmarknet,Grade B cauliflower batch from FARM_037
CF0653,CF0653.jpg,FARM_028,2024-03-18,Nellore Vegetable Market (SPSR Nellore),1488,32.8,Nellore Vegetable Market (SPSR Nellore),2024-03-18,21.4,26.9,32.8,Andhra Pradesh Marketing Dept / Agmarknet,Grade A cauliflower batch from FARM_028
CF0654,CF0654.jpg,FARM_037,2024-03-10,Palamaner Vegetable Mandi,1818,28.9,Palamaner Vegetable Mandi,2024-03-10,21.9,26.2,31.7,Andhra Pradesh Marketing Dept / Agmarknet,Grade A cauliflower batch from FARM_037
CF0655,CF0655.jpg,FARM_026,2024-02-09,Tadepalligudem Vegetable Market,424,34.4,Tadepalligudem Vegetable Market,2024-02-09,26.7,31.3,35.8,Andhra Pradesh Marketing Dept / Agmarknet,Grade A cauliflower batch from FARM_026
CF0656,CF0656.jpg,FARM_027,2024-02-07,Kadapa APMC Mandi,813,16.4,Kadapa APMC Mandi,2024-02-07,17.5,23.4,30.2,Andhra Pradesh Marketing Dept / Agmarknet,Grade C cauliflower batch from FARM_027
CF0657,CF0657.jpg,FARM_019,2024-02-17,Kurnool APMC Market (C-Camp),1231,23.8,Kurnool APMC Market (C-Camp),2024-02-17,15.9,21.2,26.3,Andhra Pradesh Marketing Dept / Agmarknet,Grade A cauliflower batch from FARM_019
CF0658,CF0658.jpg,FARM_008,2024-01-28,Nellore Vegetable Market (SPSR Nellore),595,28.5,Nellore Vegetable Market (SPSR Nellore),2024-01-28,21.9,26.7,32.3,Andhra Pradesh Marketing Dept / Agmarknet,Grade A cauliflower batch from FARM_008
CF0659,CF0659.jpg,FARM_026,2024-03-09,Adoni Vegetable APMC,1963,19.8,Adoni Vegetable APMC,2024-03-09,19.6,25.0,32.0,Andhra Pradesh Marketing Dept / Agmarknet,Grade C cauliflower batch from FARM_026
CF0660,CF0660.jpg,FARM_002,2024-01-17,Nellore Vegetable Market (SPSR Nellore),474,32.3,Nellore Vegetable Market (SPSR Nellore),2024-01-17,24.6,30.3,35.0,Andhra Pradesh Marketing Dept / Agmarknet,Grade B cauliflower batch from FARM_002
CF0661,CF0661.jpg,FARM_021,2024-03-21,Anakapalle APMC Yard,1150,32.2,Anakapalle APMC Yard,2024-03-21,20.9,26.9,32.3,Andhra Pradesh Marketing Dept / Agmarknet,Grade A cauliflower batch from FARM_021
CF0662,CF0662.jpg,FARM_011,2024-03-02,Amalapuram APMC Yard,1398,29.7,Amalapuram APMC Yard,2024-03-02,24.6,29.3,34.6,Andhra Pradesh Marketing Dept / Agmarknet,Grade B cauliflower batch from FARM_011
CF0663,CF0663.jpg,FARM_040,2024-03-03,Tadepalligudem Vegetable Market,2120,29.7,Tadepalligudem Vegetable Market,2024-03-03,22.7,26.7,31.2,Andhra Pradesh Marketing Dept / Agmarknet,Grade B cauliflower batch from FARM_040
CF0664,CF0664.jpg,FARM_030,2024-03-21,Visakhapatnam MVP Rythu Bazar (Visakhapatnam),1798,34.3,Visakhapatnam MVP Rythu Bazar (Visakhapatnam),2024-03-21,29.1,33.9,39.4,Andhra Pradesh Marketing Dept / Agmarknet,Grade B cauliflower batch from FARM_030
CF0665,CF0665.jpg,FARM_024,2024-03-17,Gudivada Vegetable Market,2150,32.2,Gudivada Vegetable Market,2024-03-17,24.5,30.5,34.6,Andhra Pradesh Marketing Dept / Agmarknet,Grade A cauliflower batch from FARM_024
CF0666,CF0666.jpg,FARM_006,2024-01-27,Markapur Vegetable Mandi,187,21.8,Markapur Vegetable Mandi,2024-01-27,16.5,22.0,26.0,Andhra Pradesh Marketing Dept / Agmarknet,Grade B cauliflower batch from FARM_006
CF0667,CF0667.jpg,FARM_028,2024-02-28,Gajuwaka Industrial Rythu Bazar,475,36.0,Gajuwaka Industrial Rythu Bazar,2024-02-28,27.2,32.1,36.3,Andhra Pradesh Marketing Dept / Agmarknet,Grade A cauliflower batch from FARM_028
CF0668,CF0668.jpg,FARM_007,2024-02-10,Srikakulam APMC Market Yard,2092,29.8,Srikakulam APMC Market Yard,2024-02-10,19.5,24.8,30.3,Andhra Pradesh Marketing Dept / Agmarknet,Grade A cauliflower batch from FARM_007
CF0669,CF0669.jpg,FARM_016,2024-02-11,Kakinada Main Rythu Bazar,1477,26.2,Kakinada Main Rythu Bazar,2024-02-11,26.0,30.8,35.4,Andhra Pradesh Marketing Dept / Agmarknet,Grade C cauliflower batch from FARM_016
CF0670,CF0670.jpg,FARM_028,2024-02-05,Ongole APMC Market (Prakasam),2183,24.1,Ongole APMC Market (Prakasam),2024-02-05,22.9,28.2,33.4,Andhra Pradesh Marketing Dept / Agmarknet,Grade C cauliflower batch from FARM_028
CF0671,CF0671.jpg,FARM_038,2024-02-21,Tadepalligudem Vegetable Market,1125,21.2,Tadepalligudem Vegetable Market,2024-02-21,21.5,27.3,32.3,Andhra Pradesh Marketing Dept / Agmarknet,Grade C cauliflower batch from FARM_038
CF0672,CF0672.jpg,FARM_026,2024-01-20,Markapur Vegetable Mandi,2373,28.5,Markapur Vegetable Mandi,2024-01-20,20.6,26.3,32.5,Andhra Pradesh Marketing Dept / Agmarknet,Grade A cauliflower batch from FARM_026
CF0673,CF0673.jpg,FARM_034,2024-03-07,Allagadda Rythu Bazar,1619,29.5,Allagadda Rythu Bazar,2024-03-07,18.6,24.2,31.0,Andhra Pradesh Marketing Dept / Agmarknet,Grade A cauliflower batch from FARM_034
CF0674,CF0674.jpg,FARM_006,2024-02-26,Amadalavalasa Vegetable Market,407,29.9,Amadalavalasa Vegetable Market,2024-02-26,23.0,28.0,32.6,Andhra Pradesh Marketing Dept / Agmarknet,Grade A cauliflower batch from FARM_006
CF0675,CF0675.jpg,FARM_026,2024-01-21,Gudur Vegetable Market,789,30.1,Gudur Vegetable Market,2024-01-21,21.5,27.4,32.2,Andhra Pradesh Marketing Dept / Agmarknet,Grade A cauliflower batch from FARM_026
CF0676,CF0676.jpg,FARM_020,2024-03-18,Markapur Vegetable Mandi,621,27.1,Markapur Vegetable Mandi,2024-03-18,17.6,21.8,25.9,Andhra Pradesh Marketing Dept / Agmarknet,Grade A cauliflower batch from FARM_020
CF0677,CF0677.jpg,FARM_022,2024-02-03,Proddatur Vegetable Market,2343,29.4,Proddatur Vegetable Market,2024-02-03,21.3,26.1,31.5,Andhra Pradesh Marketing Dept / Agmarknet,Grade A cauliflower batch from FARM_022
CF0678,CF0678.jpg,FARM_015,2024-01-16,Kadapa APMC Mandi,208,24.6,Kadapa APMC Mandi,2024-01-16,21.9,26.8,31.1,Andhra Pradesh Marketing Dept / Agmarknet,Grade C cauliflower batch from FARM_015
CF0679,CF0679.jpg,FARM_022,2024-02-13,Araku Valley Horticulture Hub (ASR District),2264,33.2,Araku Valley Horticulture Hub (ASR District),2024-02-13,22.3,28.0,32.9,Andhra Pradesh Marketing Dept / Agmarknet,Grade A cauliflower batch from FARM_022
CF0680,CF0680.jpg,FARM_011,2024-02-27,Vijayawada Gollapudi APMC (NTR / Krishna),206,30.3,Vijayawada Gollapudi APMC (NTR / Krishna),2024-02-27,26.9,31.6,37.2,Andhra Pradesh Marketing Dept / Agmarknet,Grade C cauliflower batch from FARM_011
CF0681,CF0681.jpg,FARM_005,2024-01-15,Amalapuram APMC Yard,1812,35.7,Amalapuram APMC Yard,2024-01-15,26.7,31.9,38.0,Andhra Pradesh Marketing Dept / Agmarknet,Grade A cauliflower batch from FARM_005
CF0682,CF0682.jpg,FARM_033,2024-01-19,Rajahmundry APMC (East Godavari),1869,23.3,Rajahmundry APMC (East Godavari),2024-01-19,22.8,27.4,32.7,Andhra Pradesh Marketing Dept / Agmarknet,Grade C cauliflower batch from FARM_033
CF0683,CF0683.jpg,FARM_008,2024-02-03,Araku Valley Horticulture Hub (ASR District),703,29.0,Araku Valley Horticulture Hub (ASR District),2024-02-03,21.9,26.9,33.5,Andhra Pradesh Marketing Dept / Agmarknet,Grade A cauliflower batch from FARM_008
CF0684,CF0684.jpg,FARM_034,2024-03-25,Kadapa APMC Mandi,1102,32.5,Kadapa APMC Mandi,2024-03-25,20.8,26.3,31.4,Andhra Pradesh Marketing Dept / Agmarknet,Grade A cauliflower batch from FARM_034
CF0685,CF0685.jpg,FARM_033,2024-03-21,Vijayawada Gollapudi APMC (NTR / Krishna),524,34.4,Vijayawada Gollapudi APMC (NTR / Krishna),2024-03-21,26.9,32.7,38.6,Andhra Pradesh Marketing Dept / Agmarknet,Grade B cauliflower batch from FARM_033
CF0686,CF0686.jpg,FARM_013,2024-02-06,Markapur Vegetable Mandi,1030,26.9,Markapur Vegetable Mandi,2024-02-06,21.3,25.5,31.5,Andhra Pradesh Marketing Dept / Agmarknet,Grade B cauliflower batch from FARM_013
CF0687,CF0687.jpg,FARM_023,2024-03-11,Kuppam Horticulture Mandi,711,21.1,Kuppam Horticulture Mandi,2024-03-11,22.2,27.3,34.2,Andhra Pradesh Marketing Dept / Agmarknet,Grade C cauliflower batch from FARM_023
CF0688,CF0688.jpg,FARM_023,2024-02-05,Parvathipuram APMC Market,2388,25.6,Parvathipuram APMC Market,2024-02-05,21.5,25.7,30.3,Andhra Pradesh Marketing Dept / Agmarknet,Grade A cauliflower batch from FARM_023
CF0689,CF0689.jpg,FARM_010,2024-02-21,Vijayawada Swaraj Maidan Rythu Bazar,1153,32.9,Vijayawada Swaraj Maidan Rythu Bazar,2024-02-21,29.9,34.9,39.5,Andhra Pradesh Marketing Dept / Agmarknet,Grade B cauliflower batch from FARM_010
CF0690,CF0690.jpg,FARM_016,2024-02-17,Kadapa APMC Mandi,1922,23.5,Kadapa APMC Mandi,2024-02-17,20.5,24.9,29.8,Andhra Pradesh Marketing Dept / Agmarknet,Grade C cauliflower batch from FARM_016
CF0691,CF0691.jpg,FARM_007,2024-01-11,Vijayawada Gollapudi APMC (NTR / Krishna),1575,35.7,Vijayawada Gollapudi APMC (NTR / Krishna),2024-01-11,24.6,30.5,36.5,Andhra Pradesh Marketing Dept / Agmarknet,Grade A cauliflower batch from FARM_007
CF0692,CF0692.jpg,FARM_010,2024-02-06,Guntur APMC Market (Guntur),1326,28.6,Guntur APMC Market (Guntur),2024-02-06,21.9,27.5,34.1,Andhra Pradesh Marketing Dept / Agmarknet,Grade A cauliflower batch from FARM_010
CF0693,CF0693.jpg,FARM_017,2024-02-03,Gudivada Vegetable Market,580,30.8,Gudivada Vegetable Market,2024-02-03,24.1,29.5,35.1,Andhra Pradesh Marketing Dept / Agmarknet,Grade A cauliflower batch from FARM_017
CF0694,CF0694.jpg,FARM_013,2024-01-25,Bhimavaram APMC Market,771,34.3,Bhimavaram APMC Market,2024-01-25,29.5,33.5,40.5,Andhra Pradesh Marketing Dept / Agmarknet,Grade A cauliflower batch from FARM_013
CF0695,CF0695.jpg,FARM_012,2024-03-11,Tirupati RC Road Rythu Bazar,235,30.8,Tirupati RC Road Rythu Bazar,2024-03-11,21.8,27.4,33.5,Andhra Pradesh Marketing Dept / Agmarknet,Grade A cauliflower batch from FARM_012
CF0696,CF0696.jpg,FARM_039,2024-02-10,Adoni Vegetable APMC,2139,24.2,Adoni Vegetable APMC,2024-02-10,19.3,23.7,28.3,Andhra Pradesh Marketing Dept / Agmarknet,Grade B cauliflower batch from FARM_039
CF0697,CF0697.jpg,FARM_010,2024-02-05,Nandyal APMC Market,414,24.6,Nandyal APMC Market,2024-02-05,22.2,27.2,33.2,Andhra Pradesh Marketing Dept / Agmarknet,Grade C cauliflower batch from FARM_010
CF0698,CF0698.jpg,FARM_005,2024-02-29,Kadiri Vegetable Market,546,25.9,Kadiri Vegetable Market,2024-02-29,18.1,22.1,28.5,Andhra Pradesh Marketing Dept / Agmarknet,Grade A cauliflower batch from FARM_005
CF0699,CF0699.jpg,FARM_012,2024-02-09,Piduguralla Vegetable Mandi,193,22.6,Piduguralla Vegetable Mandi,2024-02-09,22.3,27.2,32.1,Andhra Pradesh Marketing Dept / Agmarknet,Grade C cauliflower batch from FARM_012
CF0700,CF0700.jpg,FARM_032,2024-03-20,Bobbili Vegetable Market,2417,28.5,Bobbili Vegetable Market,2024-03-20,20.0,25.0,29.6,Andhra Pradesh Marketing Dept / Agmarknet,Grade A cauliflower batch from FARM_032
CF0701,CF0701.jpg,FARM_030,2024-02-20,Nandyal APMC Market,821,28.0,Nandyal APMC Market,2024-02-20,21.5,26.1,30.6,Andhra Pradesh Marketing Dept / Agmarknet,Grade A cauliflower batch from FARM_030
CF0702,CF0702.jpg,FARM_037,2024-02-15,Parvathipuram APMC Market,1553,26.3,Parvathipuram APMC Market,2024-02-15,23.0,28.9,33.2,Andhra Pradesh Marketing Dept / Agmarknet,Grade C cauliflower batch from FARM_037
CF0703,CF0703.jpg,FARM_038,2024-02-27,Hindupur APMC Market,1898,27.9,Hindupur APMC Market,2024-02-27,18.9,24.0,28.3,Andhra Pradesh Marketing Dept / Agmarknet,Grade A cauliflower batch from FARM_038
CF0704,CF0704.jpg,FARM_029,2024-03-09,Kuppam Horticulture Mandi,1059,27.9,Kuppam Horticulture Mandi,2024-03-09,21.8,25.8,31.6,Andhra Pradesh Marketing Dept / Agmarknet,Grade A cauliflower batch from FARM_029
CF0705,CF0705.jpg,FARM_037,2024-03-18,Chirala Vegetable Market,2327,26.9,Chirala Vegetable Market,2024-03-18,26.3,30.5,35.4,Andhra Pradesh Marketing Dept / Agmarknet,Grade C cauliflower batch from FARM_037
CF0706,CF0706.jpg,FARM_040,2024-02-24,Chirala Vegetable Market,2338,28.8,Chirala Vegetable Market,2024-02-24,23.1,27.8,34.7,Andhra Pradesh Marketing Dept / Agmarknet,Grade B cauliflower batch from FARM_040
CF0707,CF0707.jpg,FARM_021,2024-02-18,Guntur APMC Market (Guntur),1596,25.7,Guntur APMC Market (Guntur),2024-02-18,21.7,27.1,31.5,Andhra Pradesh Marketing Dept / Agmarknet,Grade B cauliflower batch from FARM_021
CF0708,CF0708.jpg,FARM_021,2024-02-12,Bhimavaram APMC Market,1520,29.4,Bhimavaram APMC Market,2024-02-12,25.3,31.3,38.2,Andhra Pradesh Marketing Dept / Agmarknet,Grade C cauliflower batch from FARM_021
CF0709,CF0709.jpg,FARM_010,2024-02-25,Nellore Vegetable Market (SPSR Nellore),2106,27.1,Nellore Vegetable Market (SPSR Nellore),2024-02-25,20.4,26.1,32.5,Andhra Pradesh Marketing Dept / Agmarknet,Grade A cauliflower batch from FARM_010
CF0710,CF0710.jpg,FARM_029,2024-03-15,Chirala Vegetable Market,962,34.8,Chirala Vegetable Market,2024-03-15,27.0,31.7,37.6,Andhra Pradesh Marketing Dept / Agmarknet,Grade A cauliflower batch from FARM_029
CF0711,CF0711.jpg,FARM_005,2024-03-13,Palamaner Vegetable Mandi,1401,20.0,Palamaner Vegetable Mandi,2024-03-13,18.2,24.2,30.2,Andhra Pradesh Marketing Dept / Agmarknet,Grade C cauliflower batch from FARM_005
CF0712,CF0712.jpg,FARM_031,2024-03-09,Hindupur APMC Market,1049,21.7,Hindupur APMC Market,2024-03-09,19.6,24.4,31.1,Andhra Pradesh Marketing Dept / Agmarknet,Grade C cauliflower batch from FARM_031
CF0713,CF0713.jpg,FARM_029,2024-01-22,Chirala Vegetable Market,1383,26.4,Chirala Vegetable Market,2024-01-22,24.0,28.5,35.3,Andhra Pradesh Marketing Dept / Agmarknet,Grade C cauliflower batch from FARM_029
CF0714,CF0714.jpg,FARM_020,2024-03-10,Piduguralla Vegetable Mandi,1980,24.6,Piduguralla Vegetable Mandi,2024-03-10,18.2,23.0,27.1,Andhra Pradesh Marketing Dept / Agmarknet,Grade B cauliflower batch from FARM_020
CF0715,CF0715.jpg,FARM_018,2024-02-19,Jangareddygudem Market,1011,27.4,Jangareddygudem Market,2024-02-19,23.7,28.2,33.4,Andhra Pradesh Marketing Dept / Agmarknet,Grade B cauliflower batch from FARM_018
CF0716,CF0716.jpg,FARM_038,2024-02-05,Bobbili Vegetable Market,233,23.2,Bobbili Vegetable Market,2024-02-05,18.0,23.2,29.4,Andhra Pradesh Marketing Dept / Agmarknet,Grade B cauliflower batch from FARM_038
CF0717,CF0717.jpg,FARM_004,2024-02-26,Rayachoti Vegetable Market,2441,22.2,Rayachoti Vegetable Market,2024-02-26,19.1,24.3,29.7,Andhra Pradesh Marketing Dept / Agmarknet,Grade C cauliflower batch from FARM_004
CF0718,CF0718.jpg,FARM_023,2024-02-19,Eluru APMC Market,864,26.5,Eluru APMC Market,2024-02-19,20.9,26.5,33.2,Andhra Pradesh Marketing Dept / Agmarknet,Grade B cauliflower batch from FARM_023
CF0719,CF0719.jpg,FARM_033,2024-03-02,Piduguralla Vegetable Mandi,1104,25.1,Piduguralla Vegetable Mandi,2024-03-02,17.7,23.4,27.4,Andhra Pradesh Marketing Dept / Agmarknet,Grade A cauliflower batch from FARM_033
CF0720,CF0720.jpg,FARM_005,2024-01-15,Gudur Vegetable Market,1208,29.2,Gudur Vegetable Market,2024-01-15,23.2,29.1,33.5,Andhra Pradesh Marketing Dept / Agmarknet,Grade B cauliflower batch from FARM_005
CF0721,CF0721.jpg,FARM_020,2024-03-22,Madanapalle Mandi (Annamayya / Chittoor),2471,33.1,Madanapalle Mandi (Annamayya / Chittoor),2024-03-22,25.7,30.2,36.2,Andhra Pradesh Marketing Dept / Agmarknet,Grade A cauliflower batch from FARM_020
CF0722,CF0722.jpg,FARM_030,2024-02-07,Tenali Vegetable Rythu Bazar,1398,32.8,Tenali Vegetable Rythu Bazar,2024-02-07,24.3,29.3,34.2,Andhra Pradesh Marketing Dept / Agmarknet,Grade A cauliflower batch from FARM_030
CF0723,CF0723.jpg,FARM_029,2024-01-28,Machilipatnam APMC Market,2027,33.8,Machilipatnam APMC Market,2024-01-28,23.0,28.9,33.2,Andhra Pradesh Marketing Dept / Agmarknet,Grade A cauliflower batch from FARM_029
CF0724,CF0724.jpg,FARM_003,2024-01-12,Piduguralla Vegetable Mandi,2499,27.8,Piduguralla Vegetable Mandi,2024-01-12,22.6,26.8,33.6,Andhra Pradesh Marketing Dept / Agmarknet,Grade B cauliflower batch from FARM_003
CF0725,CF0725.jpg,FARM_004,2024-02-12,Chirala Vegetable Market,2143,34.1,Chirala Vegetable Market,2024-02-12,25.5,29.6,35.6,Andhra Pradesh Marketing Dept / Agmarknet,Grade A cauliflower batch from FARM_004
CF0726,CF0726.jpg,FARM_024,2024-03-20,Bhimavaram APMC Market,1620,27.0,Bhimavaram APMC Market,2024-03-20,25.0,29.1,35.4,Andhra Pradesh Marketing Dept / Agmarknet,Grade C cauliflower batch from FARM_024
CF0727,CF0727.jpg,FARM_019,2024-03-24,Amadalavalasa Vegetable Market,1081,26.5,Amadalavalasa Vegetable Market,2024-03-24,19.8,25.3,31.0,Andhra Pradesh Marketing Dept / Agmarknet,Grade A cauliflower batch from FARM_019
CF0728,CF0728.jpg,FARM_005,2024-03-24,Amadalavalasa Vegetable Market,2042,27.9,Amadalavalasa Vegetable Market,2024-03-24,21.3,27.1,32.2,Andhra Pradesh Marketing Dept / Agmarknet,Grade B cauliflower batch from FARM_005
CF0729,CF0729.jpg,FARM_006,2024-03-03,Bhimavaram APMC Market,2015,32.1,Bhimavaram APMC Market,2024-03-03,26.6,31.3,36.6,Andhra Pradesh Marketing Dept / Agmarknet,Grade A cauliflower batch from FARM_006
CF0730,CF0730.jpg,FARM_040,2024-02-16,Visakhapatnam MVP Rythu Bazar (Visakhapatnam),2206,38.0,Visakhapatnam MVP Rythu Bazar (Visakhapatnam),2024-02-16,31.4,36.8,42.6,Andhra Pradesh Marketing Dept / Agmarknet,Grade B cauliflower batch from FARM_040
CF0731,CF0731.jpg,FARM_039,2024-01-29,Kadiri Vegetable Market,1790,23.4,Kadiri Vegetable Market,2024-01-29,18.2,23.9,28.8,Andhra Pradesh Marketing Dept / Agmarknet,Grade B cauliflower batch from FARM_039
CF0732,CF0732.jpg,FARM_033,2024-02-04,Rajahmundry APMC (East Godavari),2214,31.5,Rajahmundry APMC (East Godavari),2024-02-04,24.2,28.7,33.1,Andhra Pradesh Marketing Dept / Agmarknet,Grade A cauliflower batch from FARM_033
CF0733,CF0733.jpg,FARM_025,2024-02-21,Kadiri Vegetable Market,1184,22.7,Kadiri Vegetable Market,2024-02-21,20.6,24.7,29.1,Andhra Pradesh Marketing Dept / Agmarknet,Grade B cauliflower batch from FARM_025
CF0734,CF0734.jpg,FARM_030,2024-02-08,Vijayawada Gollapudi APMC (NTR / Krishna),495,38.5,Vijayawada Gollapudi APMC (NTR / Krishna),2024-02-08,29.0,33.9,38.2,Andhra Pradesh Marketing Dept / Agmarknet,Grade A cauliflower batch from FARM_030
CF0735,CF0735.jpg,FARM_038,2024-02-27,Ongole APMC Market (Prakasam),299,25.1,Ongole APMC Market (Prakasam),2024-02-27,21.5,27.5,33.4,Andhra Pradesh Marketing Dept / Agmarknet,Grade C cauliflower batch from FARM_038
CF0736,CF0736.jpg,FARM_036,2024-03-22,Rajahmundry APMC (East Godavari),484,33.9,Rajahmundry APMC (East Godavari),2024-03-22,23.8,28.0,33.9,Andhra Pradesh Marketing Dept / Agmarknet,Grade A cauliflower batch from FARM_036
CF0737,CF0737.jpg,FARM_003,2024-02-10,Rayachoti Vegetable Market,2284,26.7,Rayachoti Vegetable Market,2024-02-10,19.0,24.6,29.6,Andhra Pradesh Marketing Dept / Agmarknet,Grade A cauliflower batch from FARM_003
CF0738,CF0738.jpg,FARM_029,2024-03-13,Piduguralla Vegetable Mandi,1053,28.2,Piduguralla Vegetable Mandi,2024-03-13,20.3,24.7,31.1,Andhra Pradesh Marketing Dept / Agmarknet,Grade A cauliflower batch from FARM_029
CF0739,CF0739.jpg,FARM_037,2024-03-20,Guntur APMC Market (Guntur),2015,29.8,Guntur APMC Market (Guntur),2024-03-20,24.0,28.3,32.7,Andhra Pradesh Marketing Dept / Agmarknet,Grade A cauliflower batch from FARM_037
CF0740,CF0740.jpg,FARM_013,2024-02-22,Anakapalle APMC Yard,2209,30.9,Anakapalle APMC Yard,2024-02-22,22.9,28.3,32.4,Andhra Pradesh Marketing Dept / Agmarknet,Grade A cauliflower batch from FARM_013
CF0741,CF0741.jpg,FARM_021,2024-02-11,Vizianagaram APMC Market,566,25.5,Vizianagaram APMC Market,2024-02-11,22.3,26.4,32.2,Andhra Pradesh Marketing Dept / Agmarknet,Grade B cauliflower batch from FARM_021
CF0742,CF0742.jpg,FARM_039,2024-03-12,Bapatla APMC Market,2094,33.1,Bapatla APMC Market,2024-03-12,23.9,29.8,34.0,Andhra Pradesh Marketing Dept / Agmarknet,Grade A cauliflower batch from FARM_039
CF0743,CF0743.jpg,FARM_031,2024-03-12,Srikakulam APMC Market Yard,2413,23.6,Srikakulam APMC Market Yard,2024-03-12,22.4,27.5,31.8,Andhra Pradesh Marketing Dept / Agmarknet,Grade C cauliflower batch from FARM_031
CF0744,CF0744.jpg,FARM_033,2024-03-08,Allagadda Rythu Bazar,829,25.7,Allagadda Rythu Bazar,2024-03-08,18.5,22.6,28.8,Andhra Pradesh Marketing Dept / Agmarknet,Grade A cauliflower batch from FARM_033
CF0745,CF0745.jpg,FARM_010,2024-01-31,Nellore Vegetable Market (SPSR Nellore),840,35.0,Nellore Vegetable Market (SPSR Nellore),2024-01-31,24.7,30.0,35.0,Andhra Pradesh Marketing Dept / Agmarknet,Grade A cauliflower batch from FARM_010
CF0746,CF0746.jpg,FARM_004,2024-02-24,Adoni Vegetable APMC,2072,28.8,Adoni Vegetable APMC,2024-02-24,20.5,25.1,30.2,Andhra Pradesh Marketing Dept / Agmarknet,Grade A cauliflower batch from FARM_004
CF0747,CF0747.jpg,FARM_029,2024-01-31,Gajuwaka Industrial Rythu Bazar,343,34.9,Gajuwaka Industrial Rythu Bazar,2024-01-31,29.1,33.4,38.7,Andhra Pradesh Marketing Dept / Agmarknet,Grade A cauliflower batch from FARM_029
CF0748,CF0748.jpg,FARM_007,2024-01-27,Bhimavaram APMC Market,1256,27.2,Bhimavaram APMC Market,2024-01-27,23.2,28.9,34.3,Andhra Pradesh Marketing Dept / Agmarknet,Grade B cauliflower batch from FARM_007
CF0749,CF0749.jpg,FARM_022,2024-03-19,Rayachoti Vegetable Market,1689,30.0,Rayachoti Vegetable Market,2024-03-19,20.9,25.8,32.2,Andhra Pradesh Marketing Dept / Agmarknet,Grade A cauliflower batch from FARM_022
CF0750,CF0750.jpg,FARM_006,2024-03-12,Bapatla APMC Market,285,28.5,Bapatla APMC Market,2024-03-12,22.0,26.1,32.1,Andhra Pradesh Marketing Dept / Agmarknet,Grade A cauliflower batch from FARM_006
CF0751,CF0751.jpg,FARM_033,2024-02-02,Jangareddygudem Market,2088,33.2,Jangareddygudem Market,2024-02-02,24.9,29.6,35.5,Andhra Pradesh Marketing Dept / Agmarknet,Grade A cauliflower batch from FARM_033
CF0752,CF0752.jpg,FARM_012,2024-03-19,Eluru APMC Market,1010,27.5,Eluru APMC Market,2024-03-19,20.6,25.0,31.3,Andhra Pradesh Marketing Dept / Agmarknet,Grade A cauliflower batch from FARM_012
CF0753,CF0753.jpg,FARM_003,2024-01-17,Anakapalle APMC Yard,941,29.1,Anakapalle APMC Yard,2024-01-17,23.1,27.4,32.4,Andhra Pradesh Marketing Dept / Agmarknet,Grade B cauliflower batch from FARM_003
CF0754,CF0754.jpg,FARM_016,2024-03-17,Rayachoti Vegetable Market,2385,24.3,Rayachoti Vegetable Market,2024-03-17,21.8,26.4,31.6,Andhra Pradesh Marketing Dept / Agmarknet,Grade C cauliflower batch from FARM_016
CF0755,CF0755.jpg,FARM_029,2024-01-14,Tirupati RC Road Rythu Bazar,821,29.2,Tirupati RC Road Rythu Bazar,2024-01-14,22.8,27.3,32.0,Andhra Pradesh Marketing Dept / Agmarknet,Grade A cauliflower batch from FARM_029
CF0756,CF0756.jpg,FARM_029,2024-01-19,Paderu Agency Market,1804,29.7,Paderu Agency Market,2024-01-19,22.7,27.2,31.9,Andhra Pradesh Marketing Dept / Agmarknet,Grade A cauliflower batch from FARM_029
CF0757,CF0757.jpg,FARM_034,2024-01-16,Ongole APMC Market (Prakasam),684,30.2,Ongole APMC Market (Prakasam),2024-01-16,23.9,28.1,34.6,Andhra Pradesh Marketing Dept / Agmarknet,Grade A cauliflower batch from FARM_034
CF0758,CF0758.jpg,FARM_034,2024-01-10,Adoni Vegetable APMC,505,30.5,Adoni Vegetable APMC,2024-01-10,20.3,25.9,32.6,Andhra Pradesh Marketing Dept / Agmarknet,Grade A cauliflower batch from FARM_034
CF0759,CF0759.jpg,FARM_040,2024-03-02,Nellore Vegetable Market (SPSR Nellore),1464,32.1,Nellore Vegetable Market (SPSR Nellore),2024-03-02,26.3,30.9,35.8,Andhra Pradesh Marketing Dept / Agmarknet,Grade A cauliflower batch from FARM_040
CF0760,CF0760.jpg,FARM_011,2024-01-27,Anantapur APMC Mandi,1752,23.9,Anantapur APMC Mandi,2024-01-27,18.2,22.3,27.3,Andhra Pradesh Marketing Dept / Agmarknet,Grade B cauliflower batch from FARM_011
CF0761,CF0761.jpg,FARM_024,2024-02-08,Palamaner Vegetable Mandi,375,29.8,Palamaner Vegetable Mandi,2024-02-08,19.5,25.4,30.5,Andhra Pradesh Marketing Dept / Agmarknet,Grade A cauliflower batch from FARM_024
CF0762,CF0762.jpg,FARM_024,2024-01-18,Proddatur Vegetable Market,2311,28.4,Proddatur Vegetable Market,2024-01-18,22.2,26.7,32.5,Andhra Pradesh Marketing Dept / Agmarknet,Grade A cauliflower batch from FARM_024
CF0763,CF0763.jpg,FARM_019,2024-01-29,Piduguralla Vegetable Mandi,2044,28.4,Piduguralla Vegetable Mandi,2024-01-29,17.3,22.7,28.2,Andhra Pradesh Marketing Dept / Agmarknet,Grade A cauliflower batch from FARM_019
CF0764,CF0764.jpg,FARM_025,2024-01-11,Gudivada Vegetable Market,559,32.3,Gudivada Vegetable Market,2024-01-11,25.0,29.6,34.2,Andhra Pradesh Marketing Dept / Agmarknet,Grade A cauliflower batch from FARM_025
CF0765,CF0765.jpg,FARM_027,2024-02-06,Hindupur APMC Market,535,30.6,Hindupur APMC Market,2024-02-06,20.8,25.9,30.1,Andhra Pradesh Marketing Dept / Agmarknet,Grade A cauliflower batch from FARM_027
CF0766,CF0766.jpg,FARM_022,2024-03-14,Nellore Vegetable Market (SPSR Nellore),1553,28.9,Nellore Vegetable Market (SPSR Nellore),2024-03-14,21.3,26.6,31.7,Andhra Pradesh Marketing Dept / Agmarknet,Grade A cauliflower batch from FARM_022
CF0767,CF0767.jpg,FARM_039,2024-03-08,Gudivada Vegetable Market,2178,30.0,Gudivada Vegetable Market,2024-03-08,26.8,31.3,37.1,Andhra Pradesh Marketing Dept / Agmarknet,Grade B cauliflower batch from FARM_039
CF0768,CF0768.jpg,FARM_004,2024-02-26,Guntur APMC Market (Guntur),1205,25.6,Guntur APMC Market (Guntur),2024-02-26,23.5,28.1,33.1,Andhra Pradesh Marketing Dept / Agmarknet,Grade B cauliflower batch from FARM_004
CF0769,CF0769.jpg,FARM_022,2024-01-17,Piduguralla Vegetable Mandi,565,27.5,Piduguralla Vegetable Mandi,2024-01-17,19.9,24.4,31.3,Andhra Pradesh Marketing Dept / Agmarknet,Grade A cauliflower batch from FARM_022
CF0770,CF0770.jpg,FARM_005,2024-03-11,Vijayawada Gollapudi APMC (NTR / Krishna),1671,37.5,Vijayawada Gollapudi APMC (NTR / Krishna),2024-03-11,28.6,33.7,39.5,Andhra Pradesh Marketing Dept / Agmarknet,Grade A cauliflower batch from FARM_005
CF0771,CF0771.jpg,FARM_022,2024-03-12,Chirala Vegetable Market,1913,32.6,Chirala Vegetable Market,2024-03-12,24.3,29.4,36.1,Andhra Pradesh Marketing Dept / Agmarknet,Grade A cauliflower batch from FARM_022
CF0772,CF0772.jpg,FARM_007,2024-01-12,Proddatur Vegetable Market,1988,31.0,Proddatur Vegetable Market,2024-01-12,20.4,26.3,31.0,Andhra Pradesh Marketing Dept / Agmarknet,Grade A cauliflower batch from FARM_007
CF0773,CF0773.jpg,FARM_036,2024-01-10,Tirupati RC Road Rythu Bazar,524,31.1,Tirupati RC Road Rythu Bazar,2024-01-10,22.4,28.1,33.9,Andhra Pradesh Marketing Dept / Agmarknet,Grade A cauliflower batch from FARM_036
CF0774,CF0774.jpg,FARM_025,2024-03-18,Gudur Vegetable Market,1852,32.8,Gudur Vegetable Market,2024-03-18,22.8,28.4,35.4,Andhra Pradesh Marketing Dept / Agmarknet,Grade A cauliflower batch from FARM_025
CF0775,CF0775.jpg,FARM_019,2024-03-20,Rayachoti Vegetable Market,1547,21.9,Rayachoti Vegetable Market,2024-03-20,20.6,25.7,29.7,Andhra Pradesh Marketing Dept / Agmarknet,Grade C cauliflower batch from FARM_019
CF0776,CF0776.jpg,FARM_017,2024-03-02,Amadalavalasa Vegetable Market,1925,27.8,Amadalavalasa Vegetable Market,2024-03-02,20.0,24.5,29.2,Andhra Pradesh Marketing Dept / Agmarknet,Grade B cauliflower batch from FARM_017
CF0777,CF0777.jpg,FARM_039,2024-01-11,Bhimavaram APMC Market,1959,33.4,Bhimavaram APMC Market,2024-01-11,24.1,29.6,35.2,Andhra Pradesh Marketing Dept / Agmarknet,Grade A cauliflower batch from FARM_039
CF0778,CF0778.jpg,FARM_010,2024-01-12,Palamaner Vegetable Mandi,2339,25.0,Palamaner Vegetable Mandi,2024-01-12,19.1,23.3,30.0,Andhra Pradesh Marketing Dept / Agmarknet,Grade A cauliflower batch from FARM_010
CF0779,CF0779.jpg,FARM_022,2024-03-17,Tenali Vegetable Rythu Bazar,591,29.9,Tenali Vegetable Rythu Bazar,2024-03-17,24.8,29.3,35.5,Andhra Pradesh Marketing Dept / Agmarknet,Grade B cauliflower batch from FARM_022
CF0780,CF0780.jpg,FARM_006,2024-02-14,Kadiri Vegetable Market,530,30.2,Kadiri Vegetable Market,2024-02-14,21.9,27.4,33.9,Andhra Pradesh Marketing Dept / Agmarknet,Grade A cauliflower batch from FARM_006
CF0781,CF0781.jpg,FARM_038,2024-03-18,Paderu Agency Market,1234,32.6,Paderu Agency Market,2024-03-18,23.8,28.6,35.1,Andhra Pradesh Marketing Dept / Agmarknet,Grade A cauliflower batch from FARM_038
CF0782,CF0782.jpg,FARM_010,2024-02-15,Kuppam Horticulture Mandi,2344,35.9,Kuppam Horticulture Mandi,2024-02-15,24.2,30.1,34.9,Andhra Pradesh Marketing Dept / Agmarknet,Grade A cauliflower batch from FARM_010
CF0783,CF0783.jpg,FARM_023,2024-01-12,Paderu Agency Market,525,30.1,Paderu Agency Market,2024-01-12,21.5,27.3,32.4,Andhra Pradesh Marketing Dept / Agmarknet,Grade A cauliflower batch from FARM_023
CF0784,CF0784.jpg,FARM_020,2024-03-14,Chittoor Town APMC Market,741,23.0,Chittoor Town APMC Market,2024-03-14,22.6,27.1,31.8,Andhra Pradesh Marketing Dept / Agmarknet,Grade C cauliflower batch from FARM_020
CF0785,CF0785.jpg,FARM_026,2024-03-05,Rayachoti Vegetable Market,1041,28.1,Rayachoti Vegetable Market,2024-03-05,19.9,24.9,31.0,Andhra Pradesh Marketing Dept / Agmarknet,Grade A cauliflower batch from FARM_026
CF0786,CF0786.jpg,FARM_009,2024-02-01,Kadapa APMC Mandi,488,28.4,Kadapa APMC Mandi,2024-02-01,21.6,27.0,32.2,Andhra Pradesh Marketing Dept / Agmarknet,Grade A cauliflower batch from FARM_009
CF0787,CF0787.jpg,FARM_039,2024-01-23,Dharmavaram Vegetable Market,242,24.0,Dharmavaram Vegetable Market,2024-01-23,18.1,22.4,28.0,Andhra Pradesh Marketing Dept / Agmarknet,Grade A cauliflower batch from FARM_039
CF0788,CF0788.jpg,FARM_006,2024-01-22,Rayachoti Vegetable Market,1539,28.4,Rayachoti Vegetable Market,2024-01-22,22.1,26.1,32.4,Andhra Pradesh Marketing Dept / Agmarknet,Grade A cauliflower batch from FARM_006
CF0789,CF0789.jpg,FARM_020,2024-03-17,Gajuwaka Industrial Rythu Bazar,1106,35.1,Gajuwaka Industrial Rythu Bazar,2024-03-17,27.0,31.5,36.5,Andhra Pradesh Marketing Dept / Agmarknet,Grade A cauliflower batch from FARM_020
CF0790,CF0790.jpg,FARM_036,2024-01-29,Nandyal APMC Market,1243,29.8,Nandyal APMC Market,2024-01-29,22.5,27.0,31.9,Andhra Pradesh Marketing Dept / Agmarknet,Grade A cauliflower batch from FARM_036
CF0791,CF0791.jpg,FARM_025,2024-02-09,Kadapa APMC Mandi,406,29.3,Kadapa APMC Mandi,2024-02-09,20.4,25.8,31.5,Andhra Pradesh Marketing Dept / Agmarknet,Grade A cauliflower batch from FARM_025
CF0792,CF0792.jpg,FARM_022,2024-02-03,Adoni Vegetable APMC,1842,28.8,Adoni Vegetable APMC,2024-02-03,18.3,23.8,30.6,Andhra Pradesh Marketing Dept / Agmarknet,Grade A cauliflower batch from FARM_022
CF0793,CF0793.jpg,FARM_009,2024-03-17,Gudur Vegetable Market,1910,30.3,Gudur Vegetable Market,2024-03-17,21.1,26.5,31.4,Andhra Pradesh Marketing Dept / Agmarknet,Grade A cauliflower batch from FARM_009
CF0794,CF0794.jpg,FARM_034,2024-02-11,Anakapalle APMC Yard,541,25.9,Anakapalle APMC Yard,2024-02-11,24.4,28.8,35.5,Andhra Pradesh Marketing Dept / Agmarknet,Grade C cauliflower batch from FARM_034
CF0795,CF0795.jpg,FARM_006,2024-02-24,Kurnool APMC Market (C-Camp),673,23.6,Kurnool APMC Market (C-Camp),2024-02-24,21.5,25.8,30.4,Andhra Pradesh Marketing Dept / Agmarknet,Grade C cauliflower batch from FARM_006
CF0796,CF0796.jpg,FARM_028,2024-02-13,Eluru APMC Market,1027,30.1,Eluru APMC Market,2024-02-13,21.2,25.8,30.0,Andhra Pradesh Marketing Dept / Agmarknet,Grade A cauliflower batch from FARM_028
CF0797,CF0797.jpg,FARM_033,2024-02-29,Hindupur APMC Market,1367,30.5,Hindupur APMC Market,2024-02-29,19.7,24.0,28.0,Andhra Pradesh Marketing Dept / Agmarknet,Grade A cauliflower batch from FARM_033
CF0798,CF0798.jpg,FARM_024,2024-01-20,Nellore Vegetable Market (SPSR Nellore),1245,31.4,Nellore Vegetable Market (SPSR Nellore),2024-01-20,22.7,28.3,33.9,Andhra Pradesh Marketing Dept / Agmarknet,Grade A cauliflower batch from FARM_024
CF0799,CF0799.jpg,FARM_002,2024-02-26,Bobbili Vegetable Market,841,29.8,Bobbili Vegetable Market,2024-02-26,18.8,23.9,28.4,Andhra Pradesh Marketing Dept / Agmarknet,Grade A cauliflower batch from FARM_002
CF0800,CF0800.jpg,FARM_024,2024-03-01,Proddatur Vegetable Market,725,24.2,Proddatur Vegetable Market,2024-03-01,23.0,27.5,31.9,Andhra Pradesh Marketing Dept / Agmarknet,Grade C cauliflower batch from FARM_024
CF0801,CF0801.jpg,FARM_020,2024-03-08,Narasaraopet APMC Market,264,24.1,Narasaraopet APMC Market,2024-03-08,21.1,25.6,32.6,Andhra Pradesh Marketing Dept / Agmarknet,Grade C cauliflower batch from FARM_020
CF0802,CF0802.jpg,FARM_012,2024-03-22,Allagadda Rythu Bazar,917,28.5,Allagadda Rythu Bazar,2024-03-22,21.0,25.3,30.3,Andhra Pradesh Marketing Dept / Agmarknet,Grade A cauliflower batch from FARM_012
CF0803,CF0803.jpg,FARM_014,2024-02-10,Visakhapatnam MVP Rythu Bazar (Visakhapatnam),1170,34.2,Visakhapatnam MVP Rythu Bazar (Visakhapatnam),2024-02-10,26.9,32.9,39.9,Andhra Pradesh Marketing Dept / Agmarknet,Grade A cauliflower batch from FARM_014
CF0804,CF0804.jpg,FARM_022,2024-02-07,Visakhapatnam MVP Rythu Bazar (Visakhapatnam),1629,37.0,Visakhapatnam MVP Rythu Bazar (Visakhapatnam),2024-02-07,27.9,32.7,38.5,Andhra Pradesh Marketing Dept / Agmarknet,Grade A cauliflower batch from FARM_022
CF0805,CF0805.jpg,FARM_032,2024-02-17,Amadalavalasa Vegetable Market,2202,23.7,Amadalavalasa Vegetable Market,2024-02-17,22.0,26.2,31.7,Andhra Pradesh Marketing Dept / Agmarknet,Grade C cauliflower batch from FARM_032
CF0806,CF0806.jpg,FARM_013,2024-01-20,Parvathipuram APMC Market,879,26.8,Parvathipuram APMC Market,2024-01-20,20.8,25.4,31.0,Andhra Pradesh Marketing Dept / Agmarknet,Grade A cauliflower batch from FARM_013
CF0807,CF0807.jpg,FARM_015,2024-01-14,Kurnool APMC Market (C-Camp),2267,24.4,Kurnool APMC Market (C-Camp),2024-01-14,20.4,24.5,30.7,Andhra Pradesh Marketing Dept / Agmarknet,Grade B cauliflower batch from FARM_015
CF0808,CF0808.jpg,FARM_009,2024-01-21,Allagadda Rythu Bazar,1032,21.0,Allagadda Rythu Bazar,2024-01-21,18.4,23.8,29.7,Andhra Pradesh Marketing Dept / Agmarknet,Grade C cauliflower batch from FARM_009
CF0809,CF0809.jpg,FARM_010,2024-03-01,Machilipatnam APMC Market,363,37.7,Machilipatnam APMC Market,2024-03-01,28.2,32.8,37.4,Andhra Pradesh Marketing Dept / Agmarknet,Grade A cauliflower batch from FARM_010
CF0810,CF0810.jpg,FARM_005,2024-02-27,Srikalahasti APMC Market,1360,29.5,Srikalahasti APMC Market,2024-02-27,20.6,26.3,31.3,Andhra Pradesh Marketing Dept / Agmarknet,Grade A cauliflower batch from FARM_005
CF0811,CF0811.jpg,FARM_019,2024-02-27,Jangareddygudem Market,1006,30.0,Jangareddygudem Market,2024-02-27,21.2,25.7,29.9,Andhra Pradesh Marketing Dept / Agmarknet,Grade A cauliflower batch from FARM_019
CF0812,CF0812.jpg,FARM_007,2024-03-20,Rayachoti Vegetable Market,821,28.4,Rayachoti Vegetable Market,2024-03-20,18.7,24.2,29.1,Andhra Pradesh Marketing Dept / Agmarknet,Grade A cauliflower batch from FARM_007
CF0813,CF0813.jpg,FARM_033,2024-03-10,Machilipatnam APMC Market,2376,32.8,Machilipatnam APMC Market,2024-03-10,24.9,29.3,35.6,Andhra Pradesh Marketing Dept / Agmarknet,Grade A cauliflower batch from FARM_033
CF0814,CF0814.jpg,FARM_035,2024-01-17,Eluru APMC Market,674,31.6,Eluru APMC Market,2024-01-17,21.5,26.3,32.5,Andhra Pradesh Marketing Dept / Agmarknet,Grade A cauliflower batch from FARM_035
CF0815,CF0815.jpg,FARM_034,2024-01-11,Vizianagaram APMC Market,611,31.9,Vizianagaram APMC Market,2024-01-11,24.2,28.4,34.0,Andhra Pradesh Marketing Dept / Agmarknet,Grade A cauliflower batch from FARM_034
CF0816,CF0816.jpg,FARM_003,2024-01-31,Piduguralla Vegetable Mandi,1035,26.8,Piduguralla Vegetable Mandi,2024-01-31,17.3,22.9,29.3,Andhra Pradesh Marketing Dept / Agmarknet,Grade A cauliflower batch from FARM_003
CF0817,CF0817.jpg,FARM_022,2024-01-20,Bapatla APMC Market,1382,30.2,Bapatla APMC Market,2024-01-20,20.9,26.5,33.0,Andhra Pradesh Marketing Dept / Agmarknet,Grade A cauliflower batch from FARM_022
CF0818,CF0818.jpg,FARM_040,2024-03-13,Parvathipuram APMC Market,1543,19.7,Parvathipuram APMC Market,2024-03-13,20.3,25.6,31.6,Andhra Pradesh Marketing Dept / Agmarknet,Grade C cauliflower batch from FARM_040
CF0819,CF0819.jpg,FARM_009,2024-03-05,Dharmavaram Vegetable Market,2108,21.7,Dharmavaram Vegetable Market,2024-03-05,19.1,24.5,29.8,Andhra Pradesh Marketing Dept / Agmarknet,Grade C cauliflower batch from FARM_009
CF0820,CF0820.jpg,FARM_039,2024-02-21,Kuppam Horticulture Mandi,2247,27.7,Kuppam Horticulture Mandi,2024-02-21,20.9,25.9,31.2,Andhra Pradesh Marketing Dept / Agmarknet,Grade A cauliflower batch from FARM_039
CF0821,CF0821.jpg,FARM_025,2024-03-22,Jangareddygudem Market,2011,24.2,Jangareddygudem Market,2024-03-22,21.5,26.1,33.0,Andhra Pradesh Marketing Dept / Agmarknet,Grade C cauliflower batch from FARM_025
CF0822,CF0822.jpg,FARM_010,2024-01-22,Bobbili Vegetable Market,257,30.5,Bobbili Vegetable Market,2024-01-22,22.1,26.5,32.4,Andhra Pradesh Marketing Dept / Agmarknet,Grade A cauliflower batch from FARM_010
CF0823,CF0823.jpg,FARM_011,2024-03-17,Araku Valley Horticulture Hub (ASR District),1813,32.5,Araku Valley Horticulture Hub (ASR District),2024-03-17,24.7,29.3,36.0,Andhra Pradesh Marketing Dept / Agmarknet,Grade A cauliflower batch from FARM_011
CF0824,CF0824.jpg,FARM_012,2024-01-15,Kadapa APMC Mandi,2114,31.4,Kadapa APMC Mandi,2024-01-15,21.9,27.4,32.4,Andhra Pradesh Marketing Dept / Agmarknet,Grade A cauliflower batch from FARM_012
CF0825,CF0825.jpg,FARM_040,2024-02-08,Srikalahasti APMC Market,2360,30.2,Srikalahasti APMC Market,2024-02-08,23.9,28.1,32.3,Andhra Pradesh Marketing Dept / Agmarknet,Grade B cauliflower batch from FARM_040
CF0826,CF0826.jpg,FARM_011,2024-02-06,Bobbili Vegetable Market,404,24.7,Bobbili Vegetable Market,2024-02-06,20.0,26.0,30.2,Andhra Pradesh Marketing Dept / Agmarknet,Grade C cauliflower batch from FARM_011
CF0827,CF0827.jpg,FARM_029,2024-03-22,Machilipatnam APMC Market,195,33.6,Machilipatnam APMC Market,2024-03-22,23.9,28.4,35.0,Andhra Pradesh Marketing Dept / Agmarknet,Grade A cauliflower batch from FARM_029
CF0828,CF0828.jpg,FARM_003,2024-03-10,Vizianagaram APMC Market,2358,29.7,Vizianagaram APMC Market,2024-03-10,21.1,26.8,32.0,Andhra Pradesh Marketing Dept / Agmarknet,Grade A cauliflower batch from FARM_003
CF0829,CF0829.jpg,FARM_027,2024-02-13,Visakhapatnam MVP Rythu Bazar (Visakhapatnam),1587,30.4,Visakhapatnam MVP Rythu Bazar (Visakhapatnam),2024-02-13,31.4,36.2,41.5,Andhra Pradesh Marketing Dept / Agmarknet,Grade C cauliflower batch from FARM_027
CF0830,CF0830.jpg,FARM_024,2024-01-15,Kurnool APMC Market (C-Camp),329,22.9,Kurnool APMC Market (C-Camp),2024-01-15,19.9,24.8,29.2,Andhra Pradesh Marketing Dept / Agmarknet,Grade C cauliflower batch from FARM_024
CF0831,CF0831.jpg,FARM_016,2024-01-19,Eluru APMC Market,1462,28.5,Eluru APMC Market,2024-01-19,22.2,26.2,31.0,Andhra Pradesh Marketing Dept / Agmarknet,Grade A cauliflower batch from FARM_016
CF0832,CF0832.jpg,FARM_029,2024-02-14,Chittoor Town APMC Market,2441,24.9,Chittoor Town APMC Market,2024-02-14,21.9,26.7,32.8,Andhra Pradesh Marketing Dept / Agmarknet,Grade B cauliflower batch from FARM_029
CF0833,CF0833.jpg,FARM_040,2024-03-19,Tenali Vegetable Rythu Bazar,1357,33.4,Tenali Vegetable Rythu Bazar,2024-03-19,23.7,29.5,34.2,Andhra Pradesh Marketing Dept / Agmarknet,Grade A cauliflower batch from FARM_040
CF0834,CF0834.jpg,FARM_019,2024-03-22,Bhimavaram APMC Market,930,27.6,Bhimavaram APMC Market,2024-03-22,23.8,28.3,33.2,Andhra Pradesh Marketing Dept / Agmarknet,Grade B cauliflower batch from FARM_019
CF0835,CF0835.jpg,FARM_029,2024-01-14,Ongole APMC Market (Prakasam),2324,30.4,Ongole APMC Market (Prakasam),2024-01-14,18.1,24.0,29.8,Andhra Pradesh Marketing Dept / Agmarknet,Grade A cauliflower batch from FARM_029
CF0836,CF0836.jpg,FARM_015,2024-02-01,Anakapalle APMC Yard,832,24.1,Anakapalle APMC Yard,2024-02-01,22.3,27.7,33.3,Andhra Pradesh Marketing Dept / Agmarknet,Grade C cauliflower batch from FARM_015
CF0837,CF0837.jpg,FARM_035,2024-02-19,Narasaraopet APMC Market,1378,26.5,Narasaraopet APMC Market,2024-02-19,19.9,25.5,32.0,Andhra Pradesh Marketing Dept / Agmarknet,Grade B cauliflower batch from FARM_035
CF0838,CF0838.jpg,FARM_016,2024-01-12,Kuppam Horticulture Mandi,521,24.5,Kuppam Horticulture Mandi,2024-01-12,23.1,28.5,34.6,Andhra Pradesh Marketing Dept / Agmarknet,Grade C cauliflower batch from FARM_016
CF0839,CF0839.jpg,FARM_020,2024-02-05,Kakinada Main Rythu Bazar,548,31.2,Kakinada Main Rythu Bazar,2024-02-05,25.3,31.0,36.0,Andhra Pradesh Marketing Dept / Agmarknet,Grade A cauliflower batch from FARM_020
CF0840,CF0840.jpg,FARM_031,2024-03-25,Paderu Agency Market,1303,33.2,Paderu Agency Market,2024-03-25,21.6,27.4,32.6,Andhra Pradesh Marketing Dept / Agmarknet,Grade A cauliflower batch from FARM_031
CF0841,CF0841.jpg,FARM_013,2024-01-28,Guntur APMC Market (Guntur),1325,28.3,Guntur APMC Market (Guntur),2024-01-28,21.7,27.1,31.6,Andhra Pradesh Marketing Dept / Agmarknet,Grade C cauliflower batch from FARM_013
CF0842,CF0842.jpg,FARM_024,2024-02-29,Madanapalle Mandi (Annamayya / Chittoor),177,28.8,Madanapalle Mandi (Annamayya / Chittoor),2024-02-29,22.8,27.1,33.4,Andhra Pradesh Marketing Dept / Agmarknet,Grade A cauliflower batch from FARM_024
CF0843,CF0843.jpg,FARM_037,2024-01-19,Chirala Vegetable Market,2024,29.0,Chirala Vegetable Market,2024-01-19,23.4,27.5,32.9,Andhra Pradesh Marketing Dept / Agmarknet,Grade A cauliflower batch from FARM_037
CF0844,CF0844.jpg,FARM_029,2024-02-17,Rajahmundry APMC (East Godavari),1871,30.4,Rajahmundry APMC (East Godavari),2024-02-17,24.1,28.9,33.1,Andhra Pradesh Marketing Dept / Agmarknet,Grade B cauliflower batch from FARM_029
CF0845,CF0845.jpg,FARM_030,2024-01-30,Srikalahasti APMC Market,1723,24.1,Srikalahasti APMC Market,2024-01-30,24.4,29.4,36.2,Andhra Pradesh Marketing Dept / Agmarknet,Grade C cauliflower batch from FARM_030
CF0846,CF0846.jpg,FARM_019,2024-03-22,Ongole APMC Market (Prakasam),1785,30.9,Ongole APMC Market (Prakasam),2024-03-22,22.1,26.9,32.8,Andhra Pradesh Marketing Dept / Agmarknet,Grade A cauliflower batch from FARM_019
CF0847,CF0847.jpg,FARM_025,2024-02-09,Narasaraopet APMC Market,756,29.7,Narasaraopet APMC Market,2024-02-09,19.7,23.8,29.7,Andhra Pradesh Marketing Dept / Agmarknet,Grade A cauliflower batch from FARM_025
CF0848,CF0848.jpg,FARM_033,2024-03-22,Araku Valley Horticulture Hub (ASR District),2492,29.3,Araku Valley Horticulture Hub (ASR District),2024-03-22,24.5,29.8,35.8,Andhra Pradesh Marketing Dept / Agmarknet,Grade B cauliflower batch from FARM_033
CF0849,CF0849.jpg,FARM_034,2024-02-28,Nellore Vegetable Market (SPSR Nellore),1177,27.2,Nellore Vegetable Market (SPSR Nellore),2024-02-28,22.7,28.3,33.7,Andhra Pradesh Marketing Dept / Agmarknet,Grade A cauliflower batch from FARM_034
CF0850,CF0850.jpg,FARM_027,2024-03-19,Parvathipuram APMC Market,2166,20.3,Parvathipuram APMC Market,2024-03-19,23.1,27.8,32.4,Andhra Pradesh Marketing Dept / Agmarknet,Grade C cauliflower batch from FARM_027
CF0851,CF0851.jpg,FARM_011,2024-02-21,Nandyal APMC Market,612,22.6,Nandyal APMC Market,2024-02-21,19.0,23.9,29.3,Andhra Pradesh Marketing Dept / Agmarknet,Grade C cauliflower batch from FARM_011
CF0852,CF0852.jpg,FARM_013,2024-02-28,Ongole APMC Market (Prakasam),746,30.6,Ongole APMC Market (Prakasam),2024-02-28,22.8,28.2,32.5,Andhra Pradesh Marketing Dept / Agmarknet,Grade A cauliflower batch from FARM_013
CF0853,CF0853.jpg,FARM_039,2024-01-27,Anantapur APMC Mandi,2075,18.1,Anantapur APMC Mandi,2024-01-27,17.5,22.3,29.2,Andhra Pradesh Marketing Dept / Agmarknet,Grade C cauliflower batch from FARM_039
CF0854,CF0854.jpg,FARM_009,2024-01-20,Srikakulam APMC Market Yard,1500,29.6,Srikakulam APMC Market Yard,2024-01-20,23.0,28.7,34.4,Andhra Pradesh Marketing Dept / Agmarknet,Grade A cauliflower batch from FARM_009
CF0855,CF0855.jpg,FARM_017,2024-03-14,Amalapuram APMC Yard,909,24.5,Amalapuram APMC Yard,2024-03-14,20.6,25.4,30.7,Andhra Pradesh Marketing Dept / Agmarknet,Grade B cauliflower batch from FARM_017
CF0856,CF0856.jpg,FARM_004,2024-02-23,Paderu Agency Market,455,25.8,Paderu Agency Market,2024-02-23,25.1,30.1,37.1,Andhra Pradesh Marketing Dept / Agmarknet,Grade C cauliflower batch from FARM_004
CF0857,CF0857.jpg,FARM_031,2024-01-16,Vijayawada Gollapudi APMC (NTR / Krishna),541,34.5,Vijayawada Gollapudi APMC (NTR / Krishna),2024-01-16,24.5,30.4,37.2,Andhra Pradesh Marketing Dept / Agmarknet,Grade A cauliflower batch from FARM_031
CF0858,CF0858.jpg,FARM_024,2024-01-22,Gajuwaka Industrial Rythu Bazar,827,30.4,Gajuwaka Industrial Rythu Bazar,2024-01-22,24.2,29.9,34.2,Andhra Pradesh Marketing Dept / Agmarknet,Grade B cauliflower batch from FARM_024
CF0859,CF0859.jpg,FARM_036,2024-03-05,Bhimavaram APMC Market,1234,34.6,Bhimavaram APMC Market,2024-03-05,24.9,30.7,34.8,Andhra Pradesh Marketing Dept / Agmarknet,Grade A cauliflower batch from FARM_036
CF0860,CF0860.jpg,FARM_007,2024-02-08,Gudur Vegetable Market,446,21.4,Gudur Vegetable Market,2024-02-08,20.7,26.5,32.7,Andhra Pradesh Marketing Dept / Agmarknet,Grade C cauliflower batch from FARM_007
CF0861,CF0861.jpg,FARM_034,2024-01-19,Nellore Vegetable Market (SPSR Nellore),603,28.6,Nellore Vegetable Market (SPSR Nellore),2024-01-19,24.6,29.1,35.6,Andhra Pradesh Marketing Dept / Agmarknet,Grade A cauliflower batch from FARM_034
CF0862,CF0862.jpg,FARM_008,2024-02-22,Ongole APMC Market (Prakasam),2164,30.1,Ongole APMC Market (Prakasam),2024-02-22,20.9,25.8,31.1,Andhra Pradesh Marketing Dept / Agmarknet,Grade A cauliflower batch from FARM_008
CF0863,CF0863.jpg,FARM_019,2024-02-29,Srikakulam APMC Market Yard,421,20.1,Srikakulam APMC Market Yard,2024-02-29,19.4,25.0,31.0,Andhra Pradesh Marketing Dept / Agmarknet,Grade C cauliflower batch from FARM_019
CF0864,CF0864.jpg,FARM_006,2024-02-20,Jangareddygudem Market,1590,27.0,Jangareddygudem Market,2024-02-20,18.6,24.6,30.7,Andhra Pradesh Marketing Dept / Agmarknet,Grade A cauliflower batch from FARM_006
CF0865,CF0865.jpg,FARM_011,2024-01-13,Vijayawada Gollapudi APMC (NTR / Krishna),2350,36.3,Vijayawada Gollapudi APMC (NTR / Krishna),2024-01-13,28.9,34.3,41.2,Andhra Pradesh Marketing Dept / Agmarknet,Grade A cauliflower batch from FARM_011
CF0866,CF0866.jpg,FARM_018,2024-02-13,Gudivada Vegetable Market,953,33.1,Gudivada Vegetable Market,2024-02-13,25.5,30.2,35.8,Andhra Pradesh Marketing Dept / Agmarknet,Grade A cauliflower batch from FARM_018
CF0867,CF0867.jpg,FARM_029,2024-03-07,Kadapa APMC Mandi,1056,19.4,Kadapa APMC Mandi,2024-03-07,20.4,24.8,30.5,Andhra Pradesh Marketing Dept / Agmarknet,Grade C cauliflower batch from FARM_029
CF0868,CF0868.jpg,FARM_033,2024-03-12,Tirupati RC Road Rythu Bazar,579,35.4,Tirupati RC Road Rythu Bazar,2024-03-12,23.6,29.2,34.5,Andhra Pradesh Marketing Dept / Agmarknet,Grade A cauliflower batch from FARM_033
CF0869,CF0869.jpg,FARM_010,2024-02-08,Vijayawada Gollapudi APMC (NTR / Krishna),1230,37.9,Vijayawada Gollapudi APMC (NTR / Krishna),2024-02-08,26.0,31.5,37.2,Andhra Pradesh Marketing Dept / Agmarknet,Grade A cauliflower batch from FARM_010
CF0870,CF0870.jpg,FARM_028,2024-02-24,Markapur Vegetable Mandi,1227,19.2,Markapur Vegetable Mandi,2024-02-24,20.0,24.0,30.9,Andhra Pradesh Marketing Dept / Agmarknet,Grade C cauliflower batch from FARM_028
CF0871,CF0871.jpg,FARM_006,2024-03-20,Kadapa APMC Mandi,334,23.2,Kadapa APMC Mandi,2024-03-20,22.3,27.6,32.5,Andhra Pradesh Marketing Dept / Agmarknet,Grade C cauliflower batch from FARM_006
CF0872,CF0872.jpg,FARM_015,2024-02-27,Nellore Vegetable Market (SPSR Nellore),1874,34.6,Nellore Vegetable Market (SPSR Nellore),2024-02-27,24.1,28.5,33.3,Andhra Pradesh Marketing Dept / Agmarknet,Grade A cauliflower batch from FARM_015
CF0873,CF0873.jpg,FARM_029,2024-03-05,Eluru APMC Market,2240,29.5,Eluru APMC Market,2024-03-05,22.0,27.9,34.5,Andhra Pradesh Marketing Dept / Agmarknet,Grade A cauliflower batch from FARM_029
CF0874,CF0874.jpg,FARM_023,2024-02-02,Gajuwaka Industrial Rythu Bazar,2231,25.6,Gajuwaka Industrial Rythu Bazar,2024-02-02,25.4,31.1,37.0,Andhra Pradesh Marketing Dept / Agmarknet,Grade C cauliflower batch from FARM_023
CF0875,CF0875.jpg,FARM_002,2024-03-24,Anakapalle APMC Yard,1190,33.9,Anakapalle APMC Yard,2024-03-24,24.8,30.2,35.2,Andhra Pradesh Marketing Dept / Agmarknet,Grade A cauliflower batch from FARM_002
CF0876,CF0876.jpg,FARM_027,2024-02-27,Piduguralla Vegetable Mandi,1783,30.3,Piduguralla Vegetable Mandi,2024-02-27,21.5,26.5,32.9,Andhra Pradesh Marketing Dept / Agmarknet,Grade A cauliflower batch from FARM_027
CF0877,CF0877.jpg,FARM_004,2024-01-20,Guntur APMC Market (Guntur),1756,30.9,Guntur APMC Market (Guntur),2024-01-20,20.3,26.0,31.7,Andhra Pradesh Marketing Dept / Agmarknet,Grade A cauliflower batch from FARM_004
CF0878,CF0878.jpg,FARM_026,2024-02-16,Rayachoti Vegetable Market,579,29.4,Rayachoti Vegetable Market,2024-02-16,21.0,25.5,30.4,Andhra Pradesh Marketing Dept / Agmarknet,Grade A cauliflower batch from FARM_026
CF0879,CF0879.jpg,FARM_033,2024-02-10,Rajahmundry APMC (East Godavari),1693,34.6,Rajahmundry APMC (East Godavari),2024-02-10,26.1,30.7,37.0,Andhra Pradesh Marketing Dept / Agmarknet,Grade A cauliflower batch from FARM_033
CF0880,CF0880.jpg,FARM_024,2024-01-19,Gudivada Vegetable Market,1042,33.3,Gudivada Vegetable Market,2024-01-19,25.3,29.4,36.0,Andhra Pradesh Marketing Dept / Agmarknet,Grade A cauliflower batch from FARM_024
CF0881,CF0881.jpg,FARM_016,2024-01-20,Anantapur APMC Mandi,1533,21.3,Anantapur APMC Mandi,2024-01-20,18.9,24.4,28.6,Andhra Pradesh Marketing Dept / Agmarknet,Grade C cauliflower batch from FARM_016
CF0882,CF0882.jpg,FARM_025,2024-02-13,Rajahmundry APMC (East Godavari),1630,29.5,Rajahmundry APMC (East Godavari),2024-02-13,23.3,28.9,34.8,Andhra Pradesh Marketing Dept / Agmarknet,Grade A cauliflower batch from FARM_025
CF0883,CF0883.jpg,FARM_006,2024-01-29,Hindupur APMC Market,1835,30.6,Hindupur APMC Market,2024-01-29,21.3,25.8,30.7,Andhra Pradesh Marketing Dept / Agmarknet,Grade A cauliflower batch from FARM_006
CF0884,CF0884.jpg,FARM_024,2024-02-27,Tenali Vegetable Rythu Bazar,2222,26.5,Tenali Vegetable Rythu Bazar,2024-02-27,20.8,26.1,32.9,Andhra Pradesh Marketing Dept / Agmarknet,Grade B cauliflower batch from FARM_024
CF0885,CF0885.jpg,FARM_015,2024-01-29,Proddatur Vegetable Market,1282,25.8,Proddatur Vegetable Market,2024-01-29,22.2,27.0,33.1,Andhra Pradesh Marketing Dept / Agmarknet,Grade C cauliflower batch from FARM_015
CF0886,CF0886.jpg,FARM_002,2024-02-28,Guntur APMC Market (Guntur),1764,29.1,Guntur APMC Market (Guntur),2024-02-28,22.6,28.4,33.9,Andhra Pradesh Marketing Dept / Agmarknet,Grade B cauliflower batch from FARM_002
CF0887,CF0887.jpg,FARM_021,2024-02-19,Vijayawada Gollapudi APMC (NTR / Krishna),1262,35.4,Vijayawada Gollapudi APMC (NTR / Krishna),2024-02-19,28.1,33.9,40.3,Andhra Pradesh Marketing Dept / Agmarknet,Grade C cauliflower batch from FARM_021
CF0888,CF0888.jpg,FARM_007,2024-02-25,Visakhapatnam MVP Rythu Bazar (Visakhapatnam),2176,38.3,Visakhapatnam MVP Rythu Bazar (Visakhapatnam),2024-02-25,31.6,35.8,42.2,Andhra Pradesh Marketing Dept / Agmarknet,Grade A cauliflower batch from FARM_007
CF0889,CF0889.jpg,FARM_022,2024-01-23,Bobbili Vegetable Market,311,30.1,Bobbili Vegetable Market,2024-01-23,23.1,28.1,32.6,Andhra Pradesh Marketing Dept / Agmarknet,Grade A cauliflower batch from FARM_022
CF0890,CF0890.jpg,FARM_010,2024-01-21,Vijayawada Gollapudi APMC (NTR / Krishna),899,30.6,Vijayawada Gollapudi APMC (NTR / Krishna),2024-01-21,27.1,32.1,36.3,Andhra Pradesh Marketing Dept / Agmarknet,Grade C cauliflower batch from FARM_010
CF0891,CF0891.jpg,FARM_009,2024-01-10,Tadepalligudem Vegetable Market,639,26.8,Tadepalligudem Vegetable Market,2024-01-10,19.5,25.0,30.0,Andhra Pradesh Marketing Dept / Agmarknet,Grade A cauliflower batch from FARM_009
CF0892,CF0892.jpg,FARM_003,2024-02-18,Madanapalle Mandi (Annamayya / Chittoor),1457,33.4,Madanapalle Mandi (Annamayya / Chittoor),2024-02-18,22.9,28.6,35.3,Andhra Pradesh Marketing Dept / Agmarknet,Grade A cauliflower batch from FARM_003
CF0893,CF0893.jpg,FARM_019,2024-03-06,Amalapuram APMC Yard,1806,29.6,Amalapuram APMC Yard,2024-03-06,20.5,25.8,32.5,Andhra Pradesh Marketing Dept / Agmarknet,Grade A cauliflower batch from FARM_019
CF0894,CF0894.jpg,FARM_031,2024-02-25,Dharmavaram Vegetable Market,451,21.8,Dharmavaram Vegetable Market,2024-02-25,19.1,23.2,28.7,Andhra Pradesh Marketing Dept / Agmarknet,Grade B cauliflower batch from FARM_031
CF0895,CF0895.jpg,FARM_009,2024-02-13,Tirupati RC Road Rythu Bazar,761,29.4,Tirupati RC Road Rythu Bazar,2024-02-13,22.2,27.3,33.9,Andhra Pradesh Marketing Dept / Agmarknet,Grade A cauliflower batch from FARM_009
CF0896,CF0896.jpg,FARM_031,2024-01-23,Kadapa APMC Mandi,1201,21.0,Kadapa APMC Mandi,2024-01-23,20.2,24.5,28.9,Andhra Pradesh Marketing Dept / Agmarknet,Grade C cauliflower batch from FARM_031
CF0897,CF0897.jpg,FARM_029,2024-01-26,Srikakulam APMC Market Yard,1731,24.7,Srikakulam APMC Market Yard,2024-01-26,21.9,27.1,31.3,Andhra Pradesh Marketing Dept / Agmarknet,Grade B cauliflower batch from FARM_029
CF0898,CF0898.jpg,FARM_040,2024-01-21,Chirala Vegetable Market,719,32.0,Chirala Vegetable Market,2024-01-21,24.5,29.9,34.1,Andhra Pradesh Marketing Dept / Agmarknet,Grade A cauliflower batch from FARM_040
CF0899,CF0899.jpg,FARM_001,2024-02-02,Rajahmundry APMC (East Godavari),1285,29.5,Rajahmundry APMC (East Godavari),2024-02-02,22.4,27.6,31.6,Andhra Pradesh Marketing Dept / Agmarknet,Grade B cauliflower batch from FARM_001
CF0900,CF0900.jpg,FARM_006,2024-03-05,Tadepalligudem Vegetable Market,1901,26.7,Tadepalligudem Vegetable Market,2024-03-05,26.0,30.8,35.1,Andhra Pradesh Marketing Dept / Agmarknet,Grade C cauliflower batch from FARM_006
CF0901,CF0901.jpg,FARM_002,2024-03-07,Kadapa APMC Mandi,793,25.7,Kadapa APMC Mandi,2024-03-07,21.8,26.0,31.8,Andhra Pradesh Marketing Dept / Agmarknet,Grade B cauliflower batch from FARM_002
CF0902,CF0902.jpg,FARM_017,2024-03-21,Bobbili Vegetable Market,2398,30.2,Bobbili Vegetable Market,2024-03-21,19.8,25.6,31.9,Andhra Pradesh Marketing Dept / Agmarknet,Grade A cauliflower batch from FARM_017
CF0903,CF0903.jpg,FARM_014,2024-03-21,Gudur Vegetable Market,581,30.8,Gudur Vegetable Market,2024-03-21,22.4,26.8,31.7,Andhra Pradesh Marketing Dept / Agmarknet,Grade A cauliflower batch from FARM_014
CF0904,CF0904.jpg,FARM_010,2024-03-15,Paderu Agency Market,358,33.9,Paderu Agency Market,2024-03-15,22.5,27.8,33.8,Andhra Pradesh Marketing Dept / Agmarknet,Grade A cauliflower batch from FARM_010
CF0905,CF0905.jpg,FARM_036,2024-03-02,Parvathipuram APMC Market,1187,31.4,Parvathipuram APMC Market,2024-03-02,23.2,27.2,33.3,Andhra Pradesh Marketing Dept / Agmarknet,Grade A cauliflower batch from FARM_036
CF0906,CF0906.jpg,FARM_039,2024-01-23,Rajahmundry APMC (East Godavari),1331,30.4,Rajahmundry APMC (East Godavari),2024-01-23,22.4,26.6,31.8,Andhra Pradesh Marketing Dept / Agmarknet,Grade A cauliflower batch from FARM_039
CF0907,CF0907.jpg,FARM_034,2024-01-13,Markapur Vegetable Mandi,1704,23.9,Markapur Vegetable Mandi,2024-01-13,16.7,22.0,28.4,Andhra Pradesh Marketing Dept / Agmarknet,Grade A cauliflower batch from FARM_034
CF0908,CF0908.jpg,FARM_028,2024-01-21,Rayachoti Vegetable Market,2025,29.0,Rayachoti Vegetable Market,2024-01-21,20.7,25.8,32.2,Andhra Pradesh Marketing Dept / Agmarknet,Grade A cauliflower batch from FARM_028
CF0909,CF0909.jpg,FARM_008,2024-02-24,Tirupati RC Road Rythu Bazar,764,34.5,Tirupati RC Road Rythu Bazar,2024-02-24,23.6,28.4,34.4,Andhra Pradesh Marketing Dept / Agmarknet,Grade A cauliflower batch from FARM_008
CF0910,CF0910.jpg,FARM_019,2024-03-20,Vijayawada Swaraj Maidan Rythu Bazar,1495,39.1,Vijayawada Swaraj Maidan Rythu Bazar,2024-03-20,28.7,33.9,39.5,Andhra Pradesh Marketing Dept / Agmarknet,Grade A cauliflower batch from FARM_019
CF0911,CF0911.jpg,FARM_016,2024-01-21,Kadiri Vegetable Market,2228,29.6,Kadiri Vegetable Market,2024-01-21,19.4,25.3,30.3,Andhra Pradesh Marketing Dept / Agmarknet,Grade A cauliflower batch from FARM_016
CF0912,CF0912.jpg,FARM_020,2024-02-20,Bapatla APMC Market,1723,30.9,Bapatla APMC Market,2024-02-20,23.5,28.8,33.0,Andhra Pradesh Marketing Dept / Agmarknet,Grade A cauliflower batch from FARM_020
CF0913,CF0913.jpg,FARM_008,2024-02-28,Bobbili Vegetable Market,1006,30.0,Bobbili Vegetable Market,2024-02-28,20.9,25.6,31.4,Andhra Pradesh Marketing Dept / Agmarknet,Grade A cauliflower batch from FARM_008
CF0914,CF0914.jpg,FARM_004,2024-01-11,Kadapa APMC Mandi,2017,20.3,Kadapa APMC Mandi,2024-01-11,19.9,25.7,29.9,Andhra Pradesh Marketing Dept / Agmarknet,Grade C cauliflower batch from FARM_004
CF0915,CF0915.jpg,FARM_016,2024-02-16,Machilipatnam APMC Market,1306,32.8,Machilipatnam APMC Market,2024-02-16,24.9,29.0,33.2,Andhra Pradesh Marketing Dept / Agmarknet,Grade A cauliflower batch from FARM_016
CF0916,CF0916.jpg,FARM_027,2024-03-02,Anakapalle APMC Yard,1409,25.6,Anakapalle APMC Yard,2024-03-02,22.0,27.5,33.7,Andhra Pradesh Marketing Dept / Agmarknet,Grade C cauliflower batch from FARM_027
CF0917,CF0917.jpg,FARM_040,2024-02-28,Jangareddygudem Market,1164,28.3,Jangareddygudem Market,2024-02-28,21.3,26.0,30.5,Andhra Pradesh Marketing Dept / Agmarknet,Grade A cauliflower batch from FARM_040
CF0918,CF0918.jpg,FARM_030,2024-01-20,Narasaraopet APMC Market,176,28.9,Narasaraopet APMC Market,2024-01-20,21.2,25.7,30.5,Andhra Pradesh Marketing Dept / Agmarknet,Grade A cauliflower batch from FARM_030
CF0919,CF0919.jpg,FARM_005,2024-03-21,Gudur Vegetable Market,2404,34.0,Gudur Vegetable Market,2024-03-21,24.7,29.0,35.3,Andhra Pradesh Marketing Dept / Agmarknet,Grade A cauliflower batch from FARM_005
CF0920,CF0920.jpg,FARM_008,2024-02-10,Tadepalligudem Vegetable Market,1956,31.3,Tadepalligudem Vegetable Market,2024-02-10,24.3,28.5,34.4,Andhra Pradesh Marketing Dept / Agmarknet,Grade B cauliflower batch from FARM_008
CF0921,CF0921.jpg,FARM_032,2024-03-23,Amalapuram APMC Yard,179,26.3,Amalapuram APMC Yard,2024-03-23,22.7,27.1,33.8,Andhra Pradesh Marketing Dept / Agmarknet,Grade C cauliflower batch from FARM_032
CF0922,CF0922.jpg,FARM_039,2024-03-16,Tenali Vegetable Rythu Bazar,173,33.2,Tenali Vegetable Rythu Bazar,2024-03-16,24.2,29.1,33.8,Andhra Pradesh Marketing Dept / Agmarknet,Grade A cauliflower batch from FARM_039
CF0923,CF0923.jpg,FARM_035,2024-01-31,Ongole APMC Market (Prakasam),821,27.5,Ongole APMC Market (Prakasam),2024-01-31,22.7,27.9,34.8,Andhra Pradesh Marketing Dept / Agmarknet,Grade A cauliflower batch from FARM_035
CF0924,CF0924.jpg,FARM_002,2024-02-27,Amadalavalasa Vegetable Market,1443,30.3,Amadalavalasa Vegetable Market,2024-02-27,26.9,31.0,37.5,Andhra Pradesh Marketing Dept / Agmarknet,Grade B cauliflower batch from FARM_002
CF0925,CF0925.jpg,FARM_033,2024-01-31,Tadepalligudem Vegetable Market,1841,30.7,Tadepalligudem Vegetable Market,2024-01-31,22.8,28.4,33.5,Andhra Pradesh Marketing Dept / Agmarknet,Grade B cauliflower batch from FARM_033
CF0926,CF0926.jpg,FARM_037,2024-01-27,Guntur APMC Market (Guntur),1976,26.2,Guntur APMC Market (Guntur),2024-01-27,21.1,25.5,31.4,Andhra Pradesh Marketing Dept / Agmarknet,Grade A cauliflower batch from FARM_037
CF0927,CF0927.jpg,FARM_016,2024-02-13,Tenali Vegetable Rythu Bazar,2459,25.3,Tenali Vegetable Rythu Bazar,2024-02-13,23.8,28.5,33.1,Andhra Pradesh Marketing Dept / Agmarknet,Grade C cauliflower batch from FARM_016
CF0928,CF0928.jpg,FARM_010,2024-02-17,Bobbili Vegetable Market,1342,26.7,Bobbili Vegetable Market,2024-02-17,20.0,25.8,32.4,Andhra Pradesh Marketing Dept / Agmarknet,Grade B cauliflower batch from FARM_010
CF0929,CF0929.jpg,FARM_019,2024-02-13,Nellore Vegetable Market (SPSR Nellore),403,34.4,Nellore Vegetable Market (SPSR Nellore),2024-02-13,25.5,30.4,34.7,Andhra Pradesh Marketing Dept / Agmarknet,Grade A cauliflower batch from FARM_019
CF0930,CF0930.jpg,FARM_028,2024-03-13,Vijayawada Gollapudi APMC (NTR / Krishna),2037,34.7,Vijayawada Gollapudi APMC (NTR / Krishna),2024-03-13,26.9,32.4,37.3,Andhra Pradesh Marketing Dept / Agmarknet,Grade A cauliflower batch from FARM_028
CF0931,CF0931.jpg,FARM_001,2024-01-28,Machilipatnam APMC Market,783,25.9,Machilipatnam APMC Market,2024-01-28,24.7,30.3,36.3,Andhra Pradesh Marketing Dept / Agmarknet,Grade C cauliflower batch from FARM_001
CF0932,CF0932.jpg,FARM_040,2024-01-18,Proddatur Vegetable Market,2471,27.4,Proddatur Vegetable Market,2024-01-18,20.5,26.2,32.6,Andhra Pradesh Marketing Dept / Agmarknet,Grade A cauliflower batch from FARM_040
CF0933,CF0933.jpg,FARM_023,2024-01-31,Kadiri Vegetable Market,1604,23.1,Kadiri Vegetable Market,2024-01-31,20.9,26.7,32.6,Andhra Pradesh Marketing Dept / Agmarknet,Grade C cauliflower batch from FARM_023
CF0934,CF0934.jpg,FARM_016,2024-03-05,Kurnool APMC Market (C-Camp),2445,27.3,Kurnool APMC Market (C-Camp),2024-03-05,19.2,24.3,30.0,Andhra Pradesh Marketing Dept / Agmarknet,Grade A cauliflower batch from FARM_016
CF0935,CF0935.jpg,FARM_037,2024-02-14,Srikakulam APMC Market Yard,1525,27.0,Srikakulam APMC Market Yard,2024-02-14,23.1,27.3,31.9,Andhra Pradesh Marketing Dept / Agmarknet,Grade A cauliflower batch from FARM_037
CF0936,CF0936.jpg,FARM_027,2024-03-03,Dharmavaram Vegetable Market,269,29.7,Dharmavaram Vegetable Market,2024-03-03,23.8,27.8,34.8,Andhra Pradesh Marketing Dept / Agmarknet,Grade A cauliflower batch from FARM_027
CF0937,CF0937.jpg,FARM_012,2024-02-17,Gudivada Vegetable Market,1665,31.5,Gudivada Vegetable Market,2024-02-17,23.9,27.9,34.7,Andhra Pradesh Marketing Dept / Agmarknet,Grade A cauliflower batch from FARM_012
CF0938,CF0938.jpg,FARM_006,2024-03-11,Kurnool APMC Market (C-Camp),974,27.3,Kurnool APMC Market (C-Camp),2024-03-11,20.4,25.9,32.5,Andhra Pradesh Marketing Dept / Agmarknet,Grade A cauliflower batch from FARM_006
CF0939,CF0939.jpg,FARM_034,2024-01-19,Amadalavalasa Vegetable Market,1978,25.5,Amadalavalasa Vegetable Market,2024-01-19,22.1,26.8,33.3,Andhra Pradesh Marketing Dept / Agmarknet,Grade C cauliflower batch from FARM_034
CF0940,CF0940.jpg,FARM_024,2024-02-25,Bhimavaram APMC Market,489,34.8,Bhimavaram APMC Market,2024-02-25,24.6,29.9,34.2,Andhra Pradesh Marketing Dept / Agmarknet,Grade A cauliflower batch from FARM_024
CF0941,CF0941.jpg,FARM_005,2024-02-11,Bobbili Vegetable Market,1722,30.4,Bobbili Vegetable Market,2024-02-11,22.5,27.0,32.6,Andhra Pradesh Marketing Dept / Agmarknet,Grade A cauliflower batch from FARM_005
CF0942,CF0942.jpg,FARM_034,2024-02-10,Anantapur APMC Mandi,1502,28.6,Anantapur APMC Mandi,2024-02-10,19.6,24.2,30.8,Andhra Pradesh Marketing Dept / Agmarknet,Grade A cauliflower batch from FARM_034
CF0943,CF0943.jpg,FARM_035,2024-03-13,Dharmavaram Vegetable Market,241,22.6,Dharmavaram Vegetable Market,2024-03-13,19.8,23.9,30.4,Andhra Pradesh Marketing Dept / Agmarknet,Grade B cauliflower batch from FARM_035
CF0944,CF0944.jpg,FARM_033,2024-02-04,Hindupur APMC Market,1573,30.7,Hindupur APMC Market,2024-02-04,19.6,25.1,31.3,Andhra Pradesh Marketing Dept / Agmarknet,Grade A cauliflower batch from FARM_033
CF0945,CF0945.jpg,FARM_033,2024-03-08,Amadalavalasa Vegetable Market,1856,26.4,Amadalavalasa Vegetable Market,2024-03-08,21.6,25.6,31.1,Andhra Pradesh Marketing Dept / Agmarknet,Grade B cauliflower batch from FARM_033
CF0946,CF0946.jpg,FARM_036,2024-01-23,Gudur Vegetable Market,461,29.5,Gudur Vegetable Market,2024-01-23,22.1,26.3,31.2,Andhra Pradesh Marketing Dept / Agmarknet,Grade A cauliflower batch from FARM_036
CF0947,CF0947.jpg,FARM_002,2024-01-27,Vijayawada Gollapudi APMC (NTR / Krishna),2449,36.9,Vijayawada Gollapudi APMC (NTR / Krishna),2024-01-27,24.8,30.8,35.3,Andhra Pradesh Marketing Dept / Agmarknet,Grade A cauliflower batch from FARM_002
CF0948,CF0948.jpg,FARM_025,2024-02-17,Srikakulam APMC Market Yard,2190,27.3,Srikakulam APMC Market Yard,2024-02-17,20.2,25.3,31.9,Andhra Pradesh Marketing Dept / Agmarknet,Grade A cauliflower batch from FARM_025
CF0949,CF0949.jpg,FARM_031,2024-01-10,Jangareddygudem Market,2429,26.3,Jangareddygudem Market,2024-01-10,22.0,26.6,30.8,Andhra Pradesh Marketing Dept / Agmarknet,Grade B cauliflower batch from FARM_031
CF0950,CF0950.jpg,FARM_003,2024-02-29,Amalapuram APMC Yard,1898,32.8,Amalapuram APMC Yard,2024-02-29,25.8,30.1,35.0,Andhra Pradesh Marketing Dept / Agmarknet,Grade A cauliflower batch from FARM_003
CF0951,CF0951.jpg,FARM_025,2024-02-21,Visakhapatnam MVP Rythu Bazar (Visakhapatnam),701,36.7,Visakhapatnam MVP Rythu Bazar (Visakhapatnam),2024-02-21,27.5,32.5,37.9,Andhra Pradesh Marketing Dept / Agmarknet,Grade A cauliflower batch from FARM_025
CF0952,CF0952.jpg,FARM_024,2024-02-27,Vijayawada Swaraj Maidan Rythu Bazar,348,35.1,Vijayawada Swaraj Maidan Rythu Bazar,2024-02-27,26.3,32.0,37.8,Andhra Pradesh Marketing Dept / Agmarknet,Grade A cauliflower batch from FARM_024
CF0953,CF0953.jpg,FARM_017,2024-02-21,Srikalahasti APMC Market,1005,29.3,Srikalahasti APMC Market,2024-02-21,23.7,27.8,34.7,Andhra Pradesh Marketing Dept / Agmarknet,Grade B cauliflower batch from FARM_017
CF0954,CF0954.jpg,FARM_002,2024-03-06,Dharmavaram Vegetable Market,2207,19.3,Dharmavaram Vegetable Market,2024-03-06,19.1,25.0,31.5,Andhra Pradesh Marketing Dept / Agmarknet,Grade C cauliflower batch from FARM_002
CF0955,CF0955.jpg,FARM_023,2024-02-21,Vijayawada Swaraj Maidan Rythu Bazar,1224,37.6,Vijayawada Swaraj Maidan Rythu Bazar,2024-02-21,27.6,32.2,38.5,Andhra Pradesh Marketing Dept / Agmarknet,Grade A cauliflower batch from FARM_023
CF0956,CF0956.jpg,FARM_005,2024-03-05,Kadiri Vegetable Market,797,20.4,Kadiri Vegetable Market,2024-03-05,18.5,23.1,27.8,Andhra Pradesh Marketing Dept / Agmarknet,Grade C cauliflower batch from FARM_005
CF0957,CF0957.jpg,FARM_023,2024-01-27,Narasaraopet APMC Market,272,26.6,Narasaraopet APMC Market,2024-01-27,20.4,25.1,30.5,Andhra Pradesh Marketing Dept / Agmarknet,Grade A cauliflower batch from FARM_023
CF0958,CF0958.jpg,FARM_016,2024-02-17,Anantapur APMC Mandi,1097,19.8,Anantapur APMC Mandi,2024-02-17,18.2,22.4,27.6,Andhra Pradesh Marketing Dept / Agmarknet,Grade B cauliflower batch from FARM_016
CF0959,CF0959.jpg,FARM_007,2024-02-20,Machilipatnam APMC Market,2104,25.3,Machilipatnam APMC Market,2024-02-20,24.1,29.2,35.4,Andhra Pradesh Marketing Dept / Agmarknet,Grade C cauliflower batch from FARM_007
CF0960,CF0960.jpg,FARM_038,2024-02-04,Madanapalle Mandi (Annamayya / Chittoor),290,32.8,Madanapalle Mandi (Annamayya / Chittoor),2024-02-04,22.6,27.8,34.4,Andhra Pradesh Marketing Dept / Agmarknet,Grade A cauliflower batch from FARM_038
CF0961,CF0961.jpg,FARM_022,2024-03-11,Parvathipuram APMC Market,2375,25.3,Parvathipuram APMC Market,2024-03-11,20.5,24.5,30.8,Andhra Pradesh Marketing Dept / Agmarknet,Grade A cauliflower batch from FARM_022
CF0962,CF0962.jpg,FARM_009,2024-02-19,Bhimavaram APMC Market,2211,31.4,Bhimavaram APMC Market,2024-02-19,23.5,27.6,33.2,Andhra Pradesh Marketing Dept / Agmarknet,Grade B cauliflower batch from FARM_009
CF0963,CF0963.jpg,FARM_003,2024-02-01,Adoni Vegetable APMC,512,28.6,Adoni Vegetable APMC,2024-02-01,16.9,22.8,28.6,Andhra Pradesh Marketing Dept / Agmarknet,Grade A cauliflower batch from FARM_003
CF0964,CF0964.jpg,FARM_023,2024-02-29,Vijayawada Gollapudi APMC (NTR / Krishna),1932,38.2,Vijayawada Gollapudi APMC (NTR / Krishna),2024-02-29,29.2,34.7,41.0,Andhra Pradesh Marketing Dept / Agmarknet,Grade A cauliflower batch from FARM_023
CF0965,CF0965.jpg,FARM_035,2024-02-19,Chittoor Town APMC Market,1614,26.7,Chittoor Town APMC Market,2024-02-19,22.4,27.5,33.1,Andhra Pradesh Marketing Dept / Agmarknet,Grade B cauliflower batch from FARM_035
CF0966,CF0966.jpg,FARM_022,2024-02-16,Palamaner Vegetable Mandi,2193,28.0,Palamaner Vegetable Mandi,2024-02-16,19.8,25.3,30.1,Andhra Pradesh Marketing Dept / Agmarknet,Grade A cauliflower batch from FARM_022
CF0967,CF0967.jpg,FARM_012,2024-03-12,Tadepalligudem Vegetable Market,704,30.9,Tadepalligudem Vegetable Market,2024-03-12,23.6,28.5,33.5,Andhra Pradesh Marketing Dept / Agmarknet,Grade A cauliflower batch from FARM_012
CF0968,CF0968.jpg,FARM_030,2024-03-23,Vijayawada Swaraj Maidan Rythu Bazar,1265,33.3,Vijayawada Swaraj Maidan Rythu Bazar,2024-03-23,26.8,32.1,37.2,Andhra Pradesh Marketing Dept / Agmarknet,Grade A cauliflower batch from FARM_030
CF0969,CF0969.jpg,FARM_031,2024-02-10,Bobbili Vegetable Market,1707,26.7,Bobbili Vegetable Market,2024-02-10,22.4,28.0,33.9,Andhra Pradesh Marketing Dept / Agmarknet,Grade B cauliflower batch from FARM_031
CF0970,CF0970.jpg,FARM_012,2024-02-20,Adoni Vegetable APMC,956,23.3,Adoni Vegetable APMC,2024-02-20,17.9,22.9,29.5,Andhra Pradesh Marketing Dept / Agmarknet,Grade A cauliflower batch from FARM_012
CF0971,CF0971.jpg,FARM_009,2024-02-27,Araku Valley Horticulture Hub (ASR District),926,32.0,Araku Valley Horticulture Hub (ASR District),2024-02-27,24.3,28.7,35.6,Andhra Pradesh Marketing Dept / Agmarknet,Grade A cauliflower batch from FARM_009
CF0972,CF0972.jpg,FARM_005,2024-02-14,Rajahmundry APMC (East Godavari),1739,23.0,Rajahmundry APMC (East Godavari),2024-02-14,20.9,25.7,32.1,Andhra Pradesh Marketing Dept / Agmarknet,Grade B cauliflower batch from FARM_005
CF0973,CF0973.jpg,FARM_030,2024-02-29,Srikalahasti APMC Market,2083,19.3,Srikalahasti APMC Market,2024-02-29,19.5,24.5,31.5,Andhra Pradesh Marketing Dept / Agmarknet,Grade C cauliflower batch from FARM_030
CF0974,CF0974.jpg,FARM_003,2024-02-25,Madanapalle Mandi (Annamayya / Chittoor),2406,26.7,Madanapalle Mandi (Annamayya / Chittoor),2024-02-25,21.3,27.1,32.8,Andhra Pradesh Marketing Dept / Agmarknet,Grade B cauliflower batch from FARM_003
CF0975,CF0975.jpg,FARM_019,2024-01-24,Eluru APMC Market,2495,22.4,Eluru APMC Market,2024-01-24,22.5,27.5,32.8,Andhra Pradesh Marketing Dept / Agmarknet,Grade C cauliflower batch from FARM_019
CF0976,CF0976.jpg,FARM_013,2024-03-22,Vijayawada Swaraj Maidan Rythu Bazar,347,30.3,Vijayawada Swaraj Maidan Rythu Bazar,2024-03-22,27.2,32.7,37.8,Andhra Pradesh Marketing Dept / Agmarknet,Grade C cauliflower batch from FARM_013
CF0977,CF0977.jpg,FARM_003,2024-02-04,Gudur Vegetable Market,1235,35.1,Gudur Vegetable Market,2024-02-04,25.0,30.6,36.1,Andhra Pradesh Marketing Dept / Agmarknet,Grade A cauliflower batch from FARM_003
CF0978,CF0978.jpg,FARM_013,2024-03-25,Gudur Vegetable Market,1744,29.3,Gudur Vegetable Market,2024-03-25,27.1,31.4,37.5,Andhra Pradesh Marketing Dept / Agmarknet,Grade C cauliflower batch from FARM_013
CF0979,CF0979.jpg,FARM_003,2024-03-19,Markapur Vegetable Mandi,205,23.3,Markapur Vegetable Mandi,2024-03-19,18.2,23.7,30.3,Andhra Pradesh Marketing Dept / Agmarknet,Grade C cauliflower batch from FARM_003
CF0980,CF0980.jpg,FARM_021,2024-02-02,Guntur APMC Market (Guntur),2253,24.9,Guntur APMC Market (Guntur),2024-02-02,18.7,23.7,28.3,Andhra Pradesh Marketing Dept / Agmarknet,Grade A cauliflower batch from FARM_021
CF0981,CF0981.jpg,FARM_020,2024-03-20,Anantapur APMC Mandi,414,29.4,Anantapur APMC Mandi,2024-03-20,19.8,25.4,30.2,Andhra Pradesh Marketing Dept / Agmarknet,Grade A cauliflower batch from FARM_020
CF0982,CF0982.jpg,FARM_033,2024-01-13,Palamaner Vegetable Mandi,1225,31.2,Palamaner Vegetable Mandi,2024-01-13,20.3,25.6,30.1,Andhra Pradesh Marketing Dept / Agmarknet,Grade A cauliflower batch from FARM_033
CF0983,CF0983.jpg,FARM_026,2024-03-09,Proddatur Vegetable Market,160,26.8,Proddatur Vegetable Market,2024-03-09,21.5,26.3,31.1,Andhra Pradesh Marketing Dept / Agmarknet,Grade B cauliflower batch from FARM_026
CF0984,CF0984.jpg,FARM_035,2024-02-05,Gudur Vegetable Market,2096,32.0,Gudur Vegetable Market,2024-02-05,24.9,29.4,36.2,Andhra Pradesh Marketing Dept / Agmarknet,Grade A cauliflower batch from FARM_035
CF0985,CF0985.jpg,FARM_031,2024-03-06,Kurnool APMC Market (C-Camp),2487,23.6,Kurnool APMC Market (C-Camp),2024-03-06,18.9,23.6,30.1,Andhra Pradesh Marketing Dept / Agmarknet,Grade B cauliflower batch from FARM_031
CF0986,CF0986.jpg,FARM_017,2024-02-16,Kuppam Horticulture Mandi,1771,22.5,Kuppam Horticulture Mandi,2024-02-16,21.6,25.8,30.8,Andhra Pradesh Marketing Dept / Agmarknet,Grade C cauliflower batch from FARM_017
CF0987,CF0987.jpg,FARM_003,2024-01-18,Bapatla APMC Market,513,23.4,Bapatla APMC Market,2024-01-18,23.9,28.2,34.5,Andhra Pradesh Marketing Dept / Agmarknet,Grade C cauliflower batch from FARM_003
CF0988,CF0988.jpg,FARM_013,2024-03-02,Rajahmundry APMC (East Godavari),2282,26.3,Rajahmundry APMC (East Godavari),2024-03-02,25.8,30.3,36.6,Andhra Pradesh Marketing Dept / Agmarknet,Grade C cauliflower batch from FARM_013
CF0989,CF0989.jpg,FARM_019,2024-03-13,Kuppam Horticulture Mandi,1533,28.3,Kuppam Horticulture Mandi,2024-03-13,20.2,25.2,29.6,Andhra Pradesh Marketing Dept / Agmarknet,Grade A cauliflower batch from FARM_019
CF0990,CF0990.jpg,FARM_023,2024-01-27,Eluru APMC Market,1262,35.6,Eluru APMC Market,2024-01-27,25.4,29.5,35.8,Andhra Pradesh Marketing Dept / Agmarknet,Grade A cauliflower batch from FARM_023
CF0991,CF0991.jpg,FARM_004,2024-02-17,Araku Valley Horticulture Hub (ASR District),632,28.5,Araku Valley Horticulture Hub (ASR District),2024-02-17,24.7,28.9,34.3,Andhra Pradesh Marketing Dept / Agmarknet,Grade A cauliflower batch from FARM_004
CF0992,CF0992.jpg,FARM_022,2024-02-09,Vizianagaram APMC Market,735,31.3,Vizianagaram APMC Market,2024-02-09,22.3,27.1,32.7,Andhra Pradesh Marketing Dept / Agmarknet,Grade A cauliflower batch from FARM_022
CF0993,CF0993.jpg,FARM_018,2024-02-11,Palamaner Vegetable Mandi,1271,30.8,Palamaner Vegetable Mandi,2024-02-11,19.6,24.6,29.0,Andhra Pradesh Marketing Dept / Agmarknet,Grade A cauliflower batch from FARM_018
CF0994,CF0994.jpg,FARM_008,2024-01-29,Nandyal APMC Market,1649,30.6,Nandyal APMC Market,2024-01-29,21.8,26.4,33.0,Andhra Pradesh Marketing Dept / Agmarknet,Grade A cauliflower batch from FARM_008
CF0995,CF0995.jpg,FARM_024,2024-03-04,Nandyal APMC Market,1101,26.1,Nandyal APMC Market,2024-03-04,17.0,22.2,27.5,Andhra Pradesh Marketing Dept / Agmarknet,Grade A cauliflower batch from FARM_024
CF0996,CF0996.jpg,FARM_028,2024-02-27,Eluru APMC Market,597,31.2,Eluru APMC Market,2024-02-27,24.5,29.5,34.9,Andhra Pradesh Marketing Dept / Agmarknet,Grade A cauliflower batch from FARM_028
CF0997,CF0997.jpg,FARM_026,2024-01-19,Machilipatnam APMC Market,1874,26.1,Machilipatnam APMC Market,2024-01-19,24.5,29.1,34.4,Andhra Pradesh Marketing Dept / Agmarknet,Grade C cauliflower batch from FARM_026
CF0998,CF0998.jpg,FARM_029,2024-03-07,Tirupati RC Road Rythu Bazar,2350,23.8,Tirupati RC Road Rythu Bazar,2024-03-07,19.7,25.3,30.9,Andhra Pradesh Marketing Dept / Agmarknet,Grade C cauliflower batch from FARM_029
CF0999,CF0999.jpg,FARM_025,2024-03-11,Kadapa APMC Mandi,1246,27.4,Kadapa APMC Mandi,2024-03-11,20.2,25.0,29.4,Andhra Pradesh Marketing Dept / Agmarknet,Grade A cauliflower batch from FARM_025
CF1000,CF1000.jpg,FARM_022,2024-03-24,Kurnool APMC Market (C-Camp),1667,27.8,Kurnool APMC Market (C-Camp),2024-03-24,19.7,24.9,30.2,Andhra Pradesh Marketing Dept / Agmarknet,Grade A cauliflower batch from FARM_022
